schema_version,sample_id,source_row,food_name,category,before_path,after_path,before_mass_g,after_mass_g,leftover_fraction,observer_score,before_width,before_height,after_width,after_height,before_sha256,after_sha256,duplicate_group,is_valid,exclusion_reason,outer_fold,source_doi,dataset_version,license
1.0,lefood-0001,2,Bubur,000,leftover dataset/data_before/000/000_000_DSC_0016_bef.JPG,leftover dataset/data_after/000/000_000_DSC_0032_aft.JPG,343,330,0.96209912536443154,1,676,492,716,545,da16b313053fe9a96133f0c799cdd680a7ab35fdcec25a1c7e72261bd87e9534,9c9049859fc2553d65d5bfe61275a81e0203be2b09b38d3c7da159a6dbe4edca,,true,,4,10.17632/cchsk79jkt.1,LeFood-Set v1,CC BY 4.0
1.0,lefood-0002,3,Nasi,001,leftover dataset/data_before/001/001_001_DSC_0059_bef.JPG,leftover dataset/data_after/001/001_001_DSC_0108_aft.JPG,130,122,0.93846153846153846,3,685,491,673,481,ed8e9846057521cd8a326ac3bdab374ae4a9f5997615d68a433f19a3530e5f31,93f8b8dbfb48ab8ee816c39888ecdfdfbd81adf4dad91af207934cef14219b08,,true,,0,10.17632/cchsk79jkt.1,LeFood-Set v1,CC BY 4.0
1.0,lefood-0003,4,Nasi,001,leftover dataset/data_before/001/001_002_DSC_0066_bef.JPG,leftover dataset/data_after/001/001_002_DSC_0095_aft.JPG,135,127,0.94074074074074077,1,673,477,671,476,ff4a5d1e401f542a0109324732401c2ece8c9da6928248e48a5d0d671a6a83e7,8153e0cf9b0423b89c61ba6873d9ea287411f61ef539bca1ea9dce4bbf18b73d,,true,,0,10.17632/cchsk79jkt.1,LeFood-Set v1,CC BY 4.0
1.0,lefood-0004,5,Nasi,001,leftover dataset/data_before/001/001_003_DSC_0067_bef.JPG,leftover dataset/data_after/001/001_003_DSC_0097_aft.JPG,146,1,0.0068493150684931503,7,689,494,686,502,4f5637b806942b47159f2ad1895f4166e1199558da52bd5ae85ebf485cc4a119,16a80aeb4d41014a4b0f9ddc3744b8dcbf4e20b84cbdb8e70b29386e2c849c43,,true,,0,10.17632/cchsk79jkt.1,LeFood-Set v1,CC BY 4.0
1.0,lefood-0005,6,Nasi,001,leftover dataset/data_before/001/001_008_DSC_0055_bef.JPG,leftover dataset/data_after/001/001_008_DSC_0101_aft.JPG,139,25,0.17985611510791366,6,688,493,670,480,d2797717f4138fa6c0fe3e7eecb830ed973349420552d11baa50b6f25f28158a,9095d4f4be316a31dcbd5267e44e464e4ebeb7c589a8104f755c7bc85058901b,,true,,0,10.17632/cchsk79jkt.1,LeFood-Set v1,CC BY 4.0
1.0,lefood-0006,7,Nasi,001,leftover dataset/data_before/001/001_009_DSC_0128_bef.JPG,leftover dataset/data_after/001/001_009_DSC_0165_aft.JPG,170,169,0.99411764705882355,1,703,520,708,532,5631929222d6fe2b314b86d3f41f5d722b2b12cecab6aa65def7ef61b974442a,f342e284d78c96db8531e4e42fcad8d13635c267ad6610c45d262aed650fb517,,true,,0,10.17632/cchsk79jkt.1,LeFood-Set v1,CC BY 4.0
1.0,lefood-0007,8,Nasi,001,leftover dataset/data_before/001/001_010_DSC_0160_bef.JPG,leftover dataset/data_after/001/001_010_DSC_0169_aft.JPG,173,54,0.31213872832369943,7,695,518,713,518,86ec6704609151b420c1403a92c2f45a7cb3af2cc82177690f66f89539fe26b6,bb2c42845a257cb56c3ea7ea00861d25cf478d4127e476c3c75951ee398f00f9,,true,,0,10.17632/cchsk79jkt.1,LeFood-Set v1,CC BY 4.0
1.0,lefood-0008,9,Nasi,001,leftover dataset/data_before/001/001_012_DSC_0222_bef.JPG,leftover dataset/data_after/001/001_012_DSC_0260_aft.JPG,138,1,0.007246376811594203,7,682,512,723,536,256338ba5ff904112ee063f0724fb93164fea1f1459bb614c879bc4c4fa36862,d3d9d597129ec55efbc32e3d98c8ef357711be4a6a71ba1cff323870da92b220,,true,,0,10.17632/cchsk79jkt.1,LeFood-Set v1,CC BY 4.0
1.0,lefood-0009,10,Nasi,001,leftover dataset/data_before/001/001_013_DSC_0190_bef.JPG,leftover dataset/data_after/001/001_013_DSC_0228_aft.JPG,127,71,0.55905511811023623,5,683,509,691,499,5f5ad096c9560cdb83702f469c80511d3704212b7b15c9db02cc4683a18d5a8d,87b054e630fbb826dfa17408bfbee1a29477a5332066d9a493da99c5b78a14f8,,true,,0,10.17632/cchsk79jkt.1,LeFood-Set v1,CC BY 4.0
1.0,lefood-0010,11,Nasi,001,leftover dataset/data_before/001/001_014_DSC_0188_bef.JPG,leftover dataset/data_after/001/001_014_DSC_0238_aft.JPG,141,93,0.65957446808510634,5,672,491,711,522,cfbd5a99bd473a71f85cf7274fe0beca80635a070c07cc7ee7c652a7d2e8b35c,9d028c8ae4b8e50db7228f260c7c1137f84a2edc39ca41513246b77e366f455c,,true,,0,10.17632/cchsk79jkt.1,LeFood-Set v1,CC BY 4.0
1.0,lefood-0011,12,Nasi,001,leftover dataset/data_before/001/001_015_DSC_0198_bef.JPG,leftover dataset/data_after/001/001_015_DSC_0241_aft.JPG,123,106,0.86178861788617889,4,679,505,688,490,2cee8c79a89f26c11564efc99af2c5ee1ed311cb2b6dd46d63def211605a7e94,31a34cb164318afe74a79f606ae1d1bb9c98a1c71ba91e4d5de73f1492c2eca4,,true,,0,10.17632/cchsk79jkt.1,LeFood-Set v1,CC BY 4.0
1.0,lefood-0012,13,Nasi,001,leftover dataset/data_before/001/001_021_DSC_0278_bef.JPG,leftover dataset/data_after/001/001_021_DSC_0326_aft.JPG,135,17,0.12592592592592591,5,709,523,665,491,437a32c4a07dbfcf238d9447da5ef1599de262e3f24ff8b5bd3943788918784d,32d1d758782eb1b1b77bd7dce0f7de56328d0c40be8f082cc9dec0836b903af9,,true,,0,10.17632/cchsk79jkt.1,LeFood-Set v1,CC BY 4.0
1.0,lefood-0013,14,Nasi,001,leftover dataset/data_before/001/001_022_DSC_0279_bef.JPG,leftover dataset/data_after/001/001_022_DSC_0322_aft.JPG,179,94,0.52513966480446927,4,710,516,657,475,829c1c6c37aa5de5bba80ba8e35c0b462373d7b6035f6dd1068025503b74dc42,bce333053e2858741be2d5e85a44bd3fd3934a4120e70575ae8a8adb1564bcd1,,true,,0,10.17632/cchsk79jkt.1,LeFood-Set v1,CC BY 4.0
1.0,lefood-0014,15,Nasi,001,leftover dataset/data_before/001/001_023_DSC_0268_bef.JPG,leftover dataset/data_after/001/001_023_DSC_0338_aft.JPG,184,0,0,7,705,517,662,464,32324e3a9c70de3330ebe21a77b17ffbd58ef29635948d1f393782283457b059,ddf49c93e2cbae9669d1a0d71997b82e7e6caf4b3e0fe7b087b3c20a57db22bc,,true,,0,10.17632/cchsk79jkt.1,LeFood-Set v1,CC BY 4.0
1.0,lefood-0015,16,Nasi,001,leftover dataset/data_before/001/001_026_DSC_0269_bef.JPG,leftover dataset/data_after/001/001_026_DSC_0320_aft.JPG,186,186,1,1,707,517,660,488,5e6f9b1728bed2c7c933518241f7c2eac932dfe07b68367a907b85dadf81bc7f,70270f9358eee0398cf0bdd4de54521c07571a6c99272d5e9a2d64435d41b4e6,,true,,0,10.17632/cchsk79jkt.1,LeFood-Set v1,CC BY 4.0
1.0,lefood-0016,17,Nasi,001,leftover dataset/data_before/001/001_027_DSC_0350_bef.JPG,leftover dataset/data_after/001/001_027_DSC_0421_aft.JPG,156,68,0.4358974358974359,4,730,537,746,543,dd5f14b9ca249eff0032698b61c038e18deca27bb88dbb49c01e218607e354d5,c7741f92040292b0479cbe392412dff8bccaa2215a74a39a0ebdb2daeff32b79,,true,,0,10.17632/cchsk79jkt.1,LeFood-Set v1,CC BY 4.0
1.0,lefood-0017,18,Nasi,001,leftover dataset/data_before/001/001_028_DSC_0351_bef.JPG,leftover dataset/data_after/001/001_028_DSC_0411_aft.JPG,146,6,0.041095890410958902,6,731,533,748,552,a6132b08417b37b509240b2587d3656dec2bd8a7a49277eec4690a1b756d3f0f,839d10120a3b006b0db1ae1b545791a9524289413942ac20f4c56f5debac3b6c,,true,,0,10.17632/cchsk79jkt.1,LeFood-Set v1,CC BY 4.0
1.0,lefood-0018,19,Nasi,001,leftover dataset/data_before/001/001_029_DSC_0345_bef.JPG,leftover dataset/data_after/001/001_029_DSC_0391_aft.JPG,180,48,0.26666666666666666,7,736,541,752,561,4ee3d7ae914d9601ac636bece98e12c0abc3194412ea1ee1787e52bc340999d3,d85eb4b5df885805e48a464fb31d000e437c8de41d56172a7130bfdbcf303a27,,true,,0,10.17632/cchsk79jkt.1,LeFood-Set v1,CC BY 4.0
1.0,lefood-0019,20,Nasi,001,leftover dataset/data_before/001/001_030_DSC_0344_bef.JPG,leftover dataset/data_after/001/001_030_DSC_0416_aft.JPG,133,0,0,7,733,533,747,548,eb2f59842e0533872ed24323395315e4ccd648874d4c3f2b0fbef8d46bb1a621,209e354343972263d5f7e0c7a4bc4f5cc1a580e6dbe040a4883bb5416fe535f1,,true,,0,10.17632/cchsk79jkt.1,LeFood-Set v1,CC BY 4.0
1.0,lefood-0020,21,Nasi,001,leftover dataset/data_before/001/001_031_DSC_0343_bef.JPG,leftover dataset/data_after/001/001_031_DSC_0393_aft.JPG,184,181,0.98369565217391308,3,723,519,745,553,6911b543852d32a0cbb5c3e5c5031666db410f3562d56cbdcdbdf3ad528a0f4f,c304c4cd214b21f7e0fcec63ecae4120dcbfc02af516d8e071a90d14be6849dd,,true,,0,10.17632/cchsk79jkt.1,LeFood-Set v1,CC BY 4.0
1.0,lefood-0021,22,Nasi,001,leftover dataset/data_before/001/001_036_DSC_0429_bef.JPG,leftover dataset/data_after/001/001_036_DSC_0477_aft.JPG,146,68,0.46575342465753422,5,663,489,679,495,e95e95177d0fbd3125816466cb118e7f71d2ad97641381b7486a3c66c25ba808,6c6873ccd691ffcc678a31bee01dda0788a6e433f952725c754a59a13497dc3b,,true,,0,10.17632/cchsk79jkt.1,LeFood-Set v1,CC BY 4.0
1.0,lefood-0022,23,Nasi,001,leftover dataset/data_before/001/001_037_DSC_0430_bef.JPG,leftover dataset/data_after/001/001_037_DSC_0479_aft.JPG,159,0,0,7,660,487,679,501,35d81317a1a3fa2dfa482093b8061a0ee5f4588a4a47320f4c57518cd59124b2,02f9da0d1df982a5cec8410759e91ee8231a3eef30b91c736e4d36bb5ee771fe,,true,,0,10.17632/cchsk79jkt.1,LeFood-Set v1,CC BY 4.0
1.0,lefood-0023,24,Nasi,001,leftover dataset/data_before/001/001_038_DSC_0431_bef.JPG,leftover dataset/data_after/001/001_038_DSC_0478_aft.JPG,154,0,0,7,664,492,706,536,efecee1a71d5815a9823bfa32959ad8743ada5559ad505c0437f03934819b66b,b37f202d2527c20736d2d2fab78bafa59e986dcf5357c1f843b59c5be5481053,,true,,0,10.17632/cchsk79jkt.1,LeFood-Set v1,CC BY 4.0
1.0,lefood-0024,25,Nasi,001,leftover dataset/data_before/001/001_044_DSC_0521_bef.JPG,leftover dataset/data_after/001/001_044_DSC_0581_aft.JPG,166,145,0.87349397590361444,3,682,503,710,526,db228975aaf758a3f748de7eadf5e658a4e7c87d3ca565f25d05fb656cc3b52c,8deea1670e9dc1ce8ade2addd2f4ccd0c89930093048a12c824ace60c72c2029,,true,,0,10.17632/cchsk79jkt.1,LeFood-Set v1,CC BY 4.0
1.0,lefood-0025,26,Nasi,001,leftover dataset/data_before/001/001_045_DSC_0522_bef.JPG,leftover dataset/data_after/001/001_045_DSC_0579_aft.JPG,159,0,0,6,676,499,711,531,9f74299974c745216e7bca5594fabd977460f6742366f9e57258a7c528f02307,f7ad00cd3c61a6f34e06ab1ca32fba18877acf89b24bfc2f34feb47ae1fec2dd,,true,,0,10.17632/cchsk79jkt.1,LeFood-Set v1,CC BY 4.0
1.0,lefood-0026,27,Nasi,001,leftover dataset/data_before/001/001_046_DSC_0523_bef.JPG,leftover dataset/data_after/001/001_046_DSC_0573_aft.JPG,177,66,0.3728813559322034,5,679,494,710,522,66042fdb8d4796766e0f4cd7d953dad0beb17bdd61687e2f447c0a69e1cacb08,eef811c904a742240d08a8d5fdd2fc2bb2ebfd81a6017654c20699f193987ed0,,true,,0,10.17632/cchsk79jkt.1,LeFood-Set v1,CC BY 4.0
1.0,lefood-0027,28,Nasi,001,leftover dataset/data_before/001/001_049_DSC_0514_bef.JPG,leftover dataset/data_after/001/001_049_DSC_0516_aft.JPG,166,166,1,1,674,493,682,509,fa505ef3e396715970c734e3d2142f1e464f9460948bb9dfb95aa773e1ecebbb,8cf208a85e6d6e455008ed2482452446f4e1df6d8ea5e25d2a78c068661f9f55,,true,,0,10.17632/cchsk79jkt.1,LeFood-Set v1,CC BY 4.0
1.0,lefood-0028,29,Nasi,001,leftover dataset/data_before/001/001_050_DSC_0515_bef.JPG,leftover dataset/data_after/001/001_050_DSC_0517_aft.JPG,196,196,1,1,667,481,682,503,f2afef30102814a84f461c8536e83bd1c14746faa1f631e4a329d77c72d50f15,f31a1d8f9c5e2d1923464658f8a437947b656c8b84389492a29d065de282966b,,true,,0,10.17632/cchsk79jkt.1,LeFood-Set v1,CC BY 4.0
1.0,lefood-0029,30,Nasi,001,leftover dataset/data_before/001/001_051_DSC_0645_bef.JPG,leftover dataset/data_after/001/001_051_DSC_0687_aft.JPG,126,122,0.96825396825396826,1,697,505,687,494,128a058645ebf9c48ff28fdf2644fa075bfd62bff7ddf4800e827696de0837bd,87af57150d24313798784f1bb5439d04b83a92d5914a6a76d3d3abb4598938e2,,true,,0,10.17632/cchsk79jkt.1,LeFood-Set v1,CC BY 4.0
1.0,lefood-0030,31,Nasi,001,leftover dataset/data_before/001/001_052_DSC_0606_bef.JPG,leftover dataset/data_after/001/001_052_DSC_0654_aft.JPG,102,101,0.99019607843137258,1,705,523,688,505,e273ef421195f147c85df42e31da1ff0b1dc5d8367978f21d4a88b68dc0b054c,c74ab3d1ebad734498eaf949b71e1ed92cd16958fad20647901b08969c654783,,true,,0,10.17632/cchsk79jkt.1,LeFood-Set v1,CC BY 4.0
1.0,lefood-0031,32,Nasi,001,leftover dataset/data_before/001/001_053_DSC_0610_bef.JPG,leftover dataset/data_after/001/001_053_DSC_0660_aft.JPG,103,8,0.077669902912621352,6,700,516,688,500,75bf91757febdc4b8600ffa2aacdce0a518ee01e6257343b56bd62eaa8715085,d5b45094d2c0035526844d966108061e25d07ff654da5cc8609784f9ca68426c,,true,,0,10.17632/cchsk79jkt.1,LeFood-Set v1,CC BY 4.0
1.0,lefood-0032,33,Nasi,001,leftover dataset/data_before/001/001_054_DSC_0612_bef.JPG,leftover dataset/data_after/001/001_054_DSC_0664_aft.JPG,168,0,0,7,715,526,692,498,23a9e136e79559558fb2b8f7434fada3785bd8f8a1385005eef45b81ded4f9b0,67da26b66de2db16dd59aa4a4e28db7c17fa182e388da627c75d975bb403c72e,,true,,0,10.17632/cchsk79jkt.1,LeFood-Set v1,CC BY 4.0
1.0,lefood-0033,34,Nasi,001,leftover dataset/data_before/001/001_055_DSC_0649_bef.JPG,leftover dataset/data_after/001/001_055_DSC_0672_aft.JPG,176,48,0.27272727272727271,5,698,509,705,516,1f1e51b5ae17a8a23bc2c5619f42ec3a0ddf5fcf56a8cf7558450d7cf601b657,6fca1bc51b1465958dc3a62acefe97ea879e55dd76abf85cd7973f3c9deb71d0,,true,,0,10.17632/cchsk79jkt.1,LeFood-Set v1,CC BY 4.0
1.0,lefood-0034,35,Nasi,001,leftover dataset/data_before/001/001_062_DSC_0752_bef.JPG,leftover dataset/data_after/001/001_062_DSC_0806_aft.JPG,237,74,0.31223628691983124,4,755,555,748,554,d42fd8ce73570773d166c6834df91d15463e8dddf92dee34b40b143c6e5dc562,9a55a47b80e53d29c8a4d64a134c082c51067ab7da32eca08eef748991d4df9d,,true,,0,10.17632/cchsk79jkt.1,LeFood-Set v1,CC BY 4.0
1.0,lefood-0035,36,Nasi,001,leftover dataset/data_before/001/001_063_DSC_0751_bef.JPG,leftover dataset/data_after/001/001_063_DSC_0811_aft.JPG,145,0,0,7,755,554,745,554,7eae11d39bc89bc987aa72c5bfee1016638c8bfb7ef149ce3e9905d8dc0438bf,958b4f54e28530ba6728c21b1821e9b5f83b5924520daacaa55a835dbccddc76,,true,,0,10.17632/cchsk79jkt.1,LeFood-Set v1,CC BY 4.0
1.0,lefood-0036,37,Nasi,001,leftover dataset/data_before/001/001_064_DSC_0738_bef.JPG,leftover dataset/data_after/001/001_064_DSC_0790_aft.JPG,158,81,0.51265822784810122,4,755,567,763,583,f37790b8daa0b0e52709ef7782884ec6d9c889bfe5abc3a99ba383c3c579ec0e,747b65282dd644fa33ed22a1e20a7ca312f26536d8221aa7f7f3a0f00c2d0433,,true,,0,10.17632/cchsk79jkt.1,LeFood-Set v1,CC BY 4.0
1.0,lefood-0037,38,Nasi,001,leftover dataset/data_before/001/001_065_DSC_0743_bef.JPG,leftover dataset/data_after/001/001_065_DSC_0787_aft.JPG,156,0,0,7,749,564,750,567,93228434c655fb43f9fbe2ca6f21739e36cafafb881629c8dc4801b28e36932a,f1aa8f3f553a2ecb1ccd6b774e42ded19f58d93b36accca852ffca6daae8e1e5,,true,,0,10.17632/cchsk79jkt.1,LeFood-Set v1,CC BY 4.0
1.0,lefood-0038,39,Nasi,001,leftover dataset/data_before/001/001_066_DSC_0716_bef.JPG,leftover dataset/data_after/001/001_066_DSC_0761_aft.JPG,142,0,0,7,750,562,750,562,e37ee9b9523dd156263b611a4a8fd1bd9f5f71470164ba6f0d26a096851673dc,93cc35bb565529903deb6280a68042513086fe2f7d96a7ce6836daae07e1c9f6,,true,,0,10.17632/cchsk79jkt.1,LeFood-Set v1,CC BY 4.0
1.0,lefood-0039,40,Nasi,001,leftover dataset/data_before/001/001_067_DSC_0755_bef.JPG,leftover dataset/data_after/001/001_067_DSC_0765_aft.JPG,153,18,0.11764705882352941,6,751,562,749,561,9efff450d6c0d6fa3613dc717e354ab0113246f2ddf79e027de92b2c2851d658,0b5e3abd0ade20c253b35e16d109823fec1169bba4658391f1e7396f6611373b,,true,,0,10.17632/cchsk79jkt.1,LeFood-Set v1,CC BY 4.0
1.0,lefood-0040,41,Nasi,001,leftover dataset/data_before/001/001_074_DSC_0824_bef.JPG,leftover dataset/data_after/001/001_074_DSC_0879_aft.JPG,150,0,0,7,696,521,671,490,4f45364c90c8f27e8bc918456e262fe3c01d88b86c1d14983d29a10ac5fc6c39,e50aa8688a155b630125b384f91c2b0ad9b6d0440e6d507e7c69078a7ebe6a7c,,true,,0,10.17632/cchsk79jkt.1,LeFood-Set v1,CC BY 4.0
1.0,lefood-0041,42,Nasi,001,leftover dataset/data_before/001/001_075_DSC_0821_bef.JPG,leftover dataset/data_after/001/001_075_DSC_0909_aft.JPG,147,112,0.76190476190476186,4,677,509,679,507,0520d582c7e9b7007af6b8f8261290d6a4ebe6e96380c49cfb50c0bbb37d9608,d94be31557ff0f28d397cf1afc542142fb1df0ff5526b1d11132999df6765fb0,,true,,0,10.17632/cchsk79jkt.1,LeFood-Set v1,CC BY 4.0
1.0,lefood-0043,43,Nasi,001,leftover dataset/data_before/001/001_077_DSC_0841_bef.JPG,leftover dataset/data_after/001/001_077_DSC_0878_aft.JPG,149,79,0.53020134228187921,4,680,505,654,482,0905d9c71d5d19dd3fb8431b1affe1b67d71ba38a1cfc7305bb3c490b24938b2,37d703bd2f3c8fa5601d074adbd886ff9818c01fe4c5f355388dc34785be2727,,true,,0,10.17632/cchsk79jkt.1,LeFood-Set v1,CC BY 4.0
1.0,lefood-0044,44,Nasi,001,leftover dataset/data_before/001/001_078_DSC_0842_bef.JPG,leftover dataset/data_after/001/001_078_DSC_0873_aft.JPG,114,0,0,7,686,513,658,477,2f0d249961834d79fa88aa615eb91a29fbd0811927f3518ad8f68e3b4871bf52,3f962a32f08999fe6219e201ee9205f18c9987a8069423b247e344f84ee6a03e,,true,,0,10.17632/cchsk79jkt.1,LeFood-Set v1,CC BY 4.0
1.0,lefood-0045,45,Nasi,001,leftover dataset/data_before/001/001_079_DSC_0843_bef.JPG,leftover dataset/data_after/001/001_079_DSC_0872_aft.JPG,178,38,0.21348314606741572,7,697,522,663,483,9cc80321e2c899d5d90320d2e12157c5ee336321670d6ad4c645a0faecb27084,39f918955f2c5d4e39d25df26ef3b213e2a8e96a86db5f7d3d9bf5b3b299977c,,true,,0,10.17632/cchsk79jkt.1,LeFood-Set v1,CC BY 4.0
1.0,lefood-0046,46,Nasi,001,leftover dataset/data_before/001/001_084_DSC_0922_bef.JPG,leftover dataset/data_after/001/001_084_DSC_0973_aft.JPG,175,88,0.50285714285714289,4,686,516,685,515,2e3ae340f322f8fcfe03be0a511d46779a50d8e246badbe3642e49104a8933ca,b499805220015647fceab68ed78da370a323e344d379b5a4890b9271bb8ebce1,,true,,0,10.17632/cchsk79jkt.1,LeFood-Set v1,CC BY 4.0
1.0,lefood-0047,47,Nasi,001,leftover dataset/data_before/001/001_085_DSC_0923_bef.JPG,leftover dataset/data_after/001/001_085_DSC_0977_aft.JPG,184,12,0.065217391304347824,6,683,512,691,532,e716f401b73cf9124baed20c1aa0a7eaeed632759085dc8e9fedd0e5e36f8807,c922c9272d0f0384463f01245556ffec869b960b497b83402f4ad9d07803db6d,,true,,0,10.17632/cchsk79jkt.1,LeFood-Set v1,CC BY 4.0
1.0,lefood-0048,48,Nasi,001,leftover dataset/data_before/001/001_086_DSC_0924_bef.JPG,leftover dataset/data_after/001/001_086_DSC_0981_aft.JPG,168,83,0.49404761904761907,5,682,511,700,535,fa7fd0f4b7a11487ba4412a83cddd5ad2f8b562c2c5d2b35a39a79e17fc5b4a9,9b0282fe91376c931c7e6bafe48eb1508ee43507dee1b69cb3ca1d4d8d1dcf74,,true,,0,10.17632/cchsk79jkt.1,LeFood-Set v1,CC BY 4.0
1.0,lefood-0049,49,Nasi,001,leftover dataset/data_before/001/001_087_DSC_0921_bef.JPG,leftover dataset/data_after/001/001_087_DSC_0988_aft.JPG,155,0,0,7,693,526,685,514,f4e1874944dfeb19d3d4abd97a372c238fdbf53ad757c219284f940f6e5054bd,c497fe7c96bb6ff66bb7332f71ef33c7654810f258813e8664eccd0fa73d8e7f,,true,,0,10.17632/cchsk79jkt.1,LeFood-Set v1,CC BY 4.0
1.0,lefood-0050,50,Nasi,001,leftover dataset/data_before/001/001_088_DSC_0961_bef.JPG,leftover dataset/data_after/001/001_088_DSC_0989_aft.JPG,171,126,0.73684210526315785,3,691,523,670,500,aa73a874d466c4615fa00769e7974f034b5d15a1de64b38b6154680d8e3111e0,49630cfb2cdfee7fa9b967f9ef599457fb8f5e1a3a9bdbee21efe4867dd12ee7,,true,,0,10.17632/cchsk79jkt.1,LeFood-Set v1,CC BY 4.0
1.0,lefood-0051,51,Nasi,001,leftover dataset/data_before/001/001_095_DSC_0054_bef.JPG,leftover dataset/data_after/001/001_095_DSC_0094_aft.JPG,130,0,0,7,675,497,678,504,9c04a7f41fc6d7f96dd4c4f07a41936445c29a5b153f4a62ecbf1d02ab9aa560,9fad7cef2814013895fb6c0b95cb9fda59ca7ac6cdf6d04e55ee4cfb294b9533,,true,,0,10.17632/cchsk79jkt.1,LeFood-Set v1,CC BY 4.0
1.0,lefood-0052,52,Nasi,001,leftover dataset/data_before/001/001_096_DSC_0055_bef.JPG,leftover dataset/data_after/001/001_096_DSC_0088_aft.JPG,130,128,0.98461538461538467,1,667,504,684,526,c3b79f2a613744833e690152fdbd44910c9dc9e8957ba145083563e377cb69c1,87d303abe9744b09784f0c839cdf5f058f0c298f392d94adcb117725ba0958ef,,true,,0,10.17632/cchsk79jkt.1,LeFood-Set v1,CC BY 4.0
1.0,lefood-0053,53,Nasi,001,leftover dataset/data_before/001/001_097_DSC_0056_bef.JPG,leftover dataset/data_after/001/001_097_DSC_0085_aft.JPG,131,25,0.19083969465648856,5,685,515,678,501,0457182cde150bcff7000c65e779f36b3e04bfdf7e0471b73ae16ec24529f05c,e7d670194271e4c5c6946c05ca125974b5dd640abc9946d558785d567ec5958a,,true,,0,10.17632/cchsk79jkt.1,LeFood-Set v1,CC BY 4.0
1.0,lefood-0054,54,Nasi,001,leftover dataset/data_before/001/001_098_DSC_0057_bef.JPG,leftover dataset/data_after/001/001_098_DSC_0079_aft.JPG,124,0,0,7,685,505,683,517,87adcd5968caf3219b0e74aa82b2d366c51180f50678bee1a93ff239cd0fa606,52eefa677e86eb63ab64b0c988f3839e5dc341f51bb7a37ea9df1e53450b90ce,,true,,0,10.17632/cchsk79jkt.1,LeFood-Set v1,CC BY 4.0
1.0,lefood-0055,55,Nasi,001,leftover dataset/data_before/001/001_105_DSC_0164_bef.JPG,leftover dataset/data_after/001/001_105_DSC_0181_aft.JPG,119,66,0.55462184873949583,3,732,537,685,501,29ca3307dd290fbf07649932202535eb80bdfda9dea3246b17a1518315b99e7b,b6566379dbcf1f761a5bc15735bb285d7f07d5fd60e678a84a240da34f0f1b4d,,true,,0,10.17632/cchsk79jkt.1,LeFood-Set v1,CC BY 4.0
1.0,lefood-0056,56,Nasi,001,leftover dataset/data_before/001/001_106_DSC_0165_bef.JPG,leftover dataset/data_after/001/001_106_DSC_0183_aft.JPG,147,0,0,7,730,533,680,507,b13666b041cb935179428c4f631729bc88a229ef7c6efb27e7e2e05a59d7ed37,6f51cb375020fa41d04481a547c9d5f2890f8978b35421dfb7472719d3de5fd4,,true,,0,10.17632/cchsk79jkt.1,LeFood-Set v1,CC BY 4.0
1.0,lefood-0057,57,Nasi,001,leftover dataset/data_before/001/001_107_DSC_0163_bef.JPG,leftover dataset/data_after/001/001_107_DSC_0186_aft.JPG,163,0,0,7,747,556,681,512,a9df4e23ed12374a17e41751bbcaadad5d3eee34d99359608ea653f1140c368a,bcb30e59562afb248742d92ec39a0cfede607ebec2af42c27bb569de2eb8af98,,true,,0,10.17632/cchsk79jkt.1,LeFood-Set v1,CC BY 4.0
1.0,lefood-0058,58,Nasi,001,leftover dataset/data_before/001/001_108_DSC_0162_bef.JPG,leftover dataset/data_after/001/001_108_DSC_0192_aft.JPG,127,113,0.88976377952755903,1,745,552,689,510,4825cfcb2ac96870619e3a0691adc3923a28e530d7eac99154b57271329b1db2,e5bfc7f3454e4fdec45a2ba4007c255312c40fa153931c82e62b04bd413f62ad,,true,,0,10.17632/cchsk79jkt.1,LeFood-Set v1,CC BY 4.0
1.0,lefood-0059,59,Nasi,001,leftover dataset/data_before/001/001_109_DSC_0159_bef.JPG,leftover dataset/data_after/001/001_109_DSC_0170_aft.JPG,128,111,0.8671875,1,749,548,685,503,b95f430b8a2f8ee7d3f7f211619056dda20f91fd22705206c68d07ae5b18a20a,8ff7feba797c15b4768a5ffabc3ecb0ef7221499be8dc2b9db9f2218da852552,,true,,0,10.17632/cchsk79jkt.1,LeFood-Set v1,CC BY 4.0
1.0,lefood-0060,60,Nasi,001,leftover dataset/data_before/001/001_110_DSC_0160_bef.JPG,leftover dataset/data_after/001/001_110_DSC_0174_aft.JPG,132,0,0,7,744,555,694,515,99519816a7104b76127404167768304691a189fee4c4a357d663cbac4c38785d,4c911b04cd20f1daa51e8881e9e7f0db7c31b18cb7232f53794b21f5ae2306d3,,true,,0,10.17632/cchsk79jkt.1,LeFood-Set v1,CC BY 4.0
1.0,lefood-0061,61,Nasi,001,leftover dataset/data_before/001/001_116_DSC_0225_bef.JPG,leftover dataset/data_after/001/001_116_DSC_0272_aft.JPG,121,112,0.92561983471074383,1,679,511,691,513,9956857bed924cd125d00a03c7be75211a7c29a41f18d123a8120996b982ccbe,a3e3b8fcaa2f5ffc5e8bce091515dbfdc6295274cdd8169aa2681da24e11fef8,,true,,0,10.17632/cchsk79jkt.1,LeFood-Set v1,CC BY 4.0
1.0,lefood-0062,62,Nasi,001,leftover dataset/data_before/001/001_117_DSC_0248_bef.JPG,leftover dataset/data_after/001/001_117_DSC_0302_aft.JPG,120,10,0.083333333333333329,6,687,492,696,514,4ea11164121fb1e6646e8f09f439be18255dbc947bd5e5f87fe9f7fc9f980eae,5bd50d9095433b922a8edd352ba2d390ae8e09c07bf3f22c757c729c666fd391,,true,,0,10.17632/cchsk79jkt.1,LeFood-Set v1,CC BY 4.0
1.0,lefood-0063,63,Nasi,001,leftover dataset/data_before/001/001_118_DSC_0249_bef.JPG,leftover dataset/data_after/001/001_118_DSC_0306_aft.JPG,129,128,0.99224806201550386,1,674,488,693,515,f16d00f2894dc0c127d837a52e3b0002ff5e19bee02ce9cf396077823721106a,76b6467c2031e55a9bb8af8c15a3de792b3bb51312156c946a9fc6d54915544c,,true,,0,10.17632/cchsk79jkt.1,LeFood-Set v1,CC BY 4.0
1.0,lefood-0064,64,Nasi,001,leftover dataset/data_before/001/001_119_DSC_0257_bef.JPG,leftover dataset/data_after/001/001_119_DSC_0268_aft.JPG,110,0,0,7,682,506,714,541,a0706d732c1cbc84a8dddeca09621fc0e55feae880820c18ff654cbd7fc8e046,c45763b848e2435efe3599e6623e92289fabe5c2e16bbe5dc6566e15d595d904,,true,,0,10.17632/cchsk79jkt.1,LeFood-Set v1,CC BY 4.0
1.0,lefood-0065,65,Nasi,001,leftover dataset/data_before/001/001_125_DSC_0339_bef.JPG,leftover dataset/data_after/001/001_125_DSC_0396_aft.JPG,100,97,0.96999999999999997,1,738,545,736,553,a419d0da3617e543ee8b3a73d3e4c0f38ec2a6104867f41cdea35f12a4c8021f,053f10c80d959a2b071a9aa389556068d530d7a04b2e9d68c4aef421b1e36a8d,,true,,0,10.17632/cchsk79jkt.1,LeFood-Set v1,CC BY 4.0
1.0,lefood-0066,66,Nasi,001,leftover dataset/data_before/001/001_126_DSC_0340_bef.JPG,leftover dataset/data_after/001/001_126_DSC_0390_aft.JPG,123,14,0.11382113821138211,6,713,532,722,541,cff744550cc6e9867c156b235947e14a71b35362c69d1bc625938e96bc4a459c,9f10150cc0c8721554a274af2deb2fe82c8f58a5dffd0367797dd98c88bc419f,,true,,0,10.17632/cchsk79jkt.1,LeFood-Set v1,CC BY 4.0
1.0,lefood-0067,67,Nasi,001,leftover dataset/data_before/001/001_127_DSC_0341_bef.JPG,leftover dataset/data_after/001/001_127_DSC_0393_aft.JPG,199,32,0.16080402010050251,5,720,527,726,542,231898969497ba8414dde51f1df3ea5b4d7a7500bb6ad0221fb351ea98915f52,35775cc04aa467c282ce400286ecbf1fa192a48c04c4eb49e9233f418e20202e,,true,,0,10.17632/cchsk79jkt.1,LeFood-Set v1,CC BY 4.0
1.0,lefood-0068,68,Nasi,001,leftover dataset/data_before/001/001_128_DSC_0321_bef.JPG,leftover dataset/data_after/001/001_128_DSC_0371_aft.JPG,148,31,0.20945945945945946,5,701,523,728,551,f5c886075e1ed6f179be95671f26700fda18d17bcfaba0b8a8e3ad3494c0d386,807614b0e47581b964bc76cb76de8f45a6444f7694128108a3dfc7f53531883b,,true,,0,10.17632/cchsk79jkt.1,LeFood-Set v1,CC BY 4.0
1.0,lefood-0069,69,Nasi,001,leftover dataset/data_before/001/001_129_DSC_0323_bef.JPG,leftover dataset/data_after/001/001_129_DSC_0377_aft.JPG,158,146,0.92405063291139244,2,706,526,721,545,2aa50893f7f8b6c688f4c3328d5cd06c9578f6b5f080c5582bf67876c147b22a,81f004cd17038358e064029ca7fa90fb4f3c8e6d3fa4ee096adaf61b2922f356,,true,,0,10.17632/cchsk79jkt.1,LeFood-Set v1,CC BY 4.0
1.0,lefood-0070,70,Nasi,001,leftover dataset/data_before/001/001_134_DSC_0416_bef.JPG,leftover dataset/data_after/001/001_134_DSC_0487_aft.JPG,124,52,0.41935483870967744,3,660,483,691,510,92c4c2aba3af160d1b581ce24a0be69e8633d83ebe5e001b95530166660fa61b,5aa18d212c5ef09f084173c622fcaaa4fcc0a0f0e50f8fe72a33d470636b10cd,,true,,0,10.17632/cchsk79jkt.1,LeFood-Set v1,CC BY 4.0
1.0,lefood-0071,71,Nasi,001,leftover dataset/data_before/001/001_135_DSC_0414_bef.JPG,leftover dataset/data_after/001/001_135_DSC_0484_aft.JPG,129,100,0.77519379844961245,3,654,479,706,526,b525d32b506dd983a035dcc3a5e3d144ea644b7bae12aac64b3b25953b305f53,db5af92823f85530035db70128dd5b62f06315e43e25e100b85b3881c7f1c601,,true,,0,10.17632/cchsk79jkt.1,LeFood-Set v1,CC BY 4.0
1.0,lefood-0072,72,Nasi,001,leftover dataset/data_before/001/001_136_DSC_0415_bef.JPG,leftover dataset/data_after/001/001_136_DSC_0479_aft.JPG,132,9,0.068181818181818177,6,654,475,696,516,7a8fafe680ffa95d5125118938277cb8908e257a854f32557827a12eb879739e,3ed59e798df61aa8d9f72570004384ef0d50614c39d1d793d84ebbf6c4d58ad2,,true,,0,10.17632/cchsk79jkt.1,LeFood-Set v1,CC BY 4.0
1.0,lefood-0073,73,Nasi,001,leftover dataset/data_before/001/001_137_DSC_0435_bef.JPG,leftover dataset/data_after/001/001_137_DSC_0455_aft.JPG,121,0,0,7,663,479,686,512,ac1f4b12ead0497124e33ec2ffc739feac0aa36e0d9fc24f0a46f04441dcd75d,4e890651cf07ad04addf39630ee397a87f8ac57a722526b2e654901769cc9d24,,true,,0,10.17632/cchsk79jkt.1,LeFood-Set v1,CC BY 4.0
1.0,lefood-0074,74,Nasi,001,leftover dataset/data_before/001/001_144_DSC_0549_bef.JPG,leftover dataset/data_after/001/001_144_DSC_0586_aft.JPG,173,172,0.9942196531791907,1,741,550,754,559,b35a8df7e7461c16748680a7e52a03f34319dd414b7e289135f7451b7427af82,5b42474945d291b9cdadbf4357e6aeb8dcaed803729479f5d3f191d1f3754de4,,true,,0,10.17632/cchsk79jkt.1,LeFood-Set v1,CC BY 4.0
1.0,lefood-0075,75,Nasi,001,leftover dataset/data_before/001/001_145_DSC_0548_bef.JPG,leftover dataset/data_after/001/001_145_DSC_0591_aft.JPG,135,0,0,7,742,551,746,555,67bd6fc8857dbea37ef2c31fc365d2b31aa44efdcf3dcb0a176cbeb99c8edb05,c844d1e5c2dff220d307c46696f2a6474a973597fbdb3deaa0c1af1b1bb9b42e,,true,,0,10.17632/cchsk79jkt.1,LeFood-Set v1,CC BY 4.0
1.0,lefood-0076,76,Nasi,001,leftover dataset/data_before/001/001_146_DSC_0550_bef.JPG,leftover dataset/data_after/001/001_146_DSC_0598_aft.JPG,134,61,0.45522388059701491,5,723,544,733,547,4457561fc3f16473b17892748a9d0b4bb568055c21c1dd64adb7e270b8859b8e,3ddcce8fba898e0289efabb6a12d84f108fa3c6c6a0d066d07c1d372c3d158c1,,true,,0,10.17632/cchsk79jkt.1,LeFood-Set v1,CC BY 4.0
1.0,lefood-0077,77,Nasi,001,leftover dataset/data_before/001/001_147_DSC_0551_bef.JPG,leftover dataset/data_after/001/001_147_DSC_0580_aft.JPG,125,3,0.024,7,721,534,724,534,3a7f0833e7713d315ee1b3305e41c09662d9b3984f3854fd6eb3e5e82c792b65,d61dfced6a7976ef8b7ef58ca4871a603087bb47bf21a59653cb43cf2562ecdc,,true,,0,10.17632/cchsk79jkt.1,LeFood-Set v1,CC BY 4.0
1.0,lefood-0078,78,Nasi,001,leftover dataset/data_before/001/001_148_DSC_0552_bef.JPG,leftover dataset/data_after/001/001_148_DSC_0585_aft.JPG,136,0,0,7,735,547,737,544,aa17d31a55c51e0764fd6dea7b85079daf69d3dd912e8fe24edbffca6a5c4ad6,0dc2e03abd34ffaf8f7308ce78df2012ae9b923df24886de2318dd46058b7666,,true,,0,10.17632/cchsk79jkt.1,LeFood-Set v1,CC BY 4.0
1.0,lefood-0079,79,Nasi,001,leftover dataset/data_before/001/001_155_DSC_0628_bef.JPG,leftover dataset/data_after/001/001_155_DSC_0639_aft.JPG,108,0,0,7,695,514,729,535,92e02af496aadce021cb98fa6d0db38e948365a715bab98f91b1e9df8aee5c1b,74894455dc8a4ea559e5e440848aae8a689c846531be9912d487f171431b91a6,,true,,0,10.17632/cchsk79jkt.1,LeFood-Set v1,CC BY 4.0
1.0,lefood-0080,80,Nasi,001,leftover dataset/data_before/001/001_156_DSC_0629_bef.JPG,leftover dataset/data_after/001/001_156_DSC_0646_aft.JPG,72,0,0,7,703,516,730,528,c139f232f2408c769bc90543e3ea2ef163b27041f826e5eaa527bebd2b1fb4db,57c1510972e462662ac122681fa4c2121ba02e5a0ee7a1de9d415981e4e9440a,,true,,0,10.17632/cchsk79jkt.1,LeFood-Set v1,CC BY 4.0
1.0,lefood-0081,81,Tim,002,leftover dataset/data_before/002/002_004_DSC_0057_bef.JPG,leftover dataset/data_after/002/002_004_DSC_0085_aft.JPG,154,41,0.26623376623376621,5,697,514,669,475,cad2583d56b550030ffc125e5c44a478cf7eb84d52c9c90247eee84bd1d784a8,8f28eb115f8e2bd04a4045289289ea6e6e7f1a808121e6f6a4f47fb93c9d6d6f,,true,,1,10.17632/cchsk79jkt.1,LeFood-Set v1,CC BY 4.0
1.0,lefood-0082,82,Tim,002,leftover dataset/data_before/002/002_005_DSC_0056_bef.JPG,leftover dataset/data_after/002/002_005_DSC_0082_aft.JPG,174,6,0.034482758620689655,6,687,494,669,481,b8856fa8cf0f9ea25a9e2dda6082871bf18d4dfda1547f1f78a619c3d1e3f846,08e21c8e7ab2dfbe5541a62f0760c146fee27c173f10c0b492578efd42969fc5,,true,,1,10.17632/cchsk79jkt.1,LeFood-Set v1,CC BY 4.0
1.0,lefood-0083,83,Tim,002,leftover dataset/data_before/002/002_006_DSC_0087_bef.JPG,leftover dataset/data_after/002/002_006_DSC_0088_aft.JPG,178,178,1,1,666,472,666,475,f671385ee393c99e094692b9a086325a40314187fa16e057c879231b07f98bfa,903385a49c31f6a0ef63d68ce7c5586dd5b1179e00ad758e7e8ae1f1c1b991ea,,true,,1,10.17632/cchsk79jkt.1,LeFood-Set v1,CC BY 4.0
1.0,lefood-0084,84,Tim,002,leftover dataset/data_before/002/002_007_DSC_0043_bef.JPG,leftover dataset/data_after/002/002_007_DSC_0077_aft.JPG,182,106,0.58241758241758246,4,681,477,667,471,c1bdf8534ac85ea17b6e7cc86eacb46d03cf9517d8e08114362ebd94836af618,4a6878ec6c04e487859cdf61e76792578b1a118d0dd8744c42c0675407fca703,,true,,1,10.17632/cchsk79jkt.1,LeFood-Set v1,CC BY 4.0
1.0,lefood-0085,85,Tim,002,leftover dataset/data_before/002/002_011_DSC_0157_bef.JPG,leftover dataset/data_after/002/002_011_DSC_0175_aft.JPG,168,57,0.3392857142857143,5,694,516,719,524,6cee91afa780cdb0863b213bb222e583a59b7f1b15249b41076b9d7631f96fe0,7864293512a6b0704fe96923af4fa19d9595cc75bf8421a47000e63327891e9c,,true,,1,10.17632/cchsk79jkt.1,LeFood-Set v1,CC BY 4.0
1.0,lefood-0086,86,Tim,002,leftover dataset/data_before/002/002_016_DSC_0207_bef.JPG,leftover dataset/data_after/002/002_016_DSC_0254_aft.JPG,168,44,0.26190476190476192,5,688,515,714,523,3192419b4978fdd44bf7eca4ad62b88877fdcbcafa0d32c20612a00e268a38b1,32238e7729e63ed4542df265b5d79116a6cbeb94673e92d9fb2ee157b8641cc6,,true,,1,10.17632/cchsk79jkt.1,LeFood-Set v1,CC BY 4.0
1.0,lefood-0087,87,Tim,002,leftover dataset/data_before/002/002_017_DSC_0189_bef.JPG,leftover dataset/data_after/002/002_017_DSC_0223_aft.JPG,149,0,0,7,685,506,729,539,03222955ab1458ea24060917cf6ea35db051f154366993653c029ca5ec7d1128,381f85fca7480edbe12e6da82c5aad4e7f81625102f3777b2a4fae300055c652,,true,,1,10.17632/cchsk79jkt.1,LeFood-Set v1,CC BY 4.0
1.0,lefood-0088,88,Tim,002,leftover dataset/data_before/002/002_018_DSC_0194_bef.JPG,leftover dataset/data_after/002/002_018_DSC_0232_aft.JPG,147,0,0,7,684,507,719,531,5ea2650a9c13d027f8cd2ba3ab5792b1757b4229e0cd950b8f5b4662d415b864,c10744a0c541aa3c3993dadab60fbfc54736b6dc616ec880e7b9dce52d4f6f5c,,true,,1,10.17632/cchsk79jkt.1,LeFood-Set v1,CC BY 4.0
1.0,lefood-0089,89,Tim,002,leftover dataset/data_before/002/002_019_DSC_0208_bef.JPG,leftover dataset/data_after/002/002_019_DSC_0244_aft.JPG,156,125,0.80128205128205132,3,680,503,714,529,1d7058686ca1a7a289b9a05d9199fdb4f3a0e90daa2cd2c14072d4a113ee7d29,e0e7f28c6a2cdb971e0c52666d30365e3d8ce3d9df27b282531134bad35e6125,,true,,1,10.17632/cchsk79jkt.1,LeFood-Set v1,CC BY 4.0
1.0,lefood-0090,90,Tim,002,leftover dataset/data_before/002/002_020_DSC_0209_bef.JPG,leftover dataset/data_after/002/002_020_DSC_0248_aft.JPG,132,75,0.56818181818181823,5,683,511,715,521,b541099f92c2821f33a321ad280fb7218f40178ecabe4774caf2a0ccdf64e7dc,de1d253ab2cebb0e940442db9173bc1cf518ee5d27f94b5029f1e823196a7067,,true,,1,10.17632/cchsk79jkt.1,LeFood-Set v1,CC BY 4.0
1.0,lefood-0091,91,Tim,002,leftover dataset/data_before/002/002_024_DSC_0280_bef.JPG,leftover dataset/data_after/002/002_024_DSC_0307_aft.JPG,179,127,0.70949720670391059,4,710,519,665,487,e5063d688302474cc4306dcb0ea29fe4432daf57ae8e566a11893b1370987284,187cf95a76376bd54e4bad6d8989fbf54ab1809203e526776b3a0740c91374fb,,true,,1,10.17632/cchsk79jkt.1,LeFood-Set v1,CC BY 4.0
1.0,lefood-0092,92,Tim,002,leftover dataset/data_before/002/002_025_DSC_0281_bef.JPG,leftover dataset/data_after/002/002_025_DSC_0300_aft.JPG,168,60,0.35714285714285715,7,701,509,660,484,3a856890313fa0b2f2bd5e025aa161e4dc1e3a12c2ff1826dc039eb7c6b68f02,8c3c494543f8a1af19cc6f76dc76be773d49e1475bd76cc3e3f3591af0d26e0d,,true,,1,10.17632/cchsk79jkt.1,LeFood-Set v1,CC BY 4.0
1.0,lefood-0093,93,Tim,002,leftover dataset/data_before/002/002_032_DSC_0349_bef.JPG,leftover dataset/data_after/002/002_032_DSC_0410_aft.JPG,183,0,0,7,741,543,747,549,cccdc86378f7938b7d62ae51a1e51402c88cc0ae54138ec8419a6d5e32b56e69,5a2183b46e583ae7a2823411b9df253b8e4a84f614351547f00dc99cdfa890f9,,true,,1,10.17632/cchsk79jkt.1,LeFood-Set v1,CC BY 4.0
1.0,lefood-0094,94,Tim,002,leftover dataset/data_before/002/002_033_DSC_0348_bef.JPG,leftover dataset/data_after/002/002_033_DSC_0402_aft.JPG,172,0,0,7,744,551,744,544,090ce7c947d57c9360c963a861f9e47f03be21c301be3bfbdf9f8a116c1850cb,2dfc7a316a44a6fa3deba608b5725a2d1e5632dc4be2295829d1fc9f2f1e491f,,true,,1,10.17632/cchsk79jkt.1,LeFood-Set v1,CC BY 4.0
1.0,lefood-0095,95,Tim,002,leftover dataset/data_before/002/002_034_DSC_0346_bef.JPG,leftover dataset/data_after/002/002_034_DSC_0396_aft.JPG,172,0,0,7,743,554,744,547,b04f7c22d24aa3a49c7d62adcd7f211d21bbc21fa6eebab0982b50ca86950ed8,525e89efdcae42281c07f0863b07359420358e93e9ff0d81fc3b3343f9244a49,,true,,1,10.17632/cchsk79jkt.1,LeFood-Set v1,CC BY 4.0
1.0,lefood-0096,96,Tim,002,leftover dataset/data_before/002/002_035_DSC_0347_bef.JPG,leftover dataset/data_after/002/002_035_DSC_0387_aft.JPG,171,63,0.36842105263157893,4,742,556,752,560,8fae17ba8ce97833fb7579faa49a4f15c63e9f87f77d404849c9fb2e317bf9b4,6aca2279df36e53858b55cd4c66d05df66637b31f3c77f78268927462216cf8a,,true,,1,10.17632/cchsk79jkt.1,LeFood-Set v1,CC BY 4.0
1.0,lefood-0097,97,Tim,002,leftover dataset/data_before/002/002_039_DSC_0425_bef.JPG,leftover dataset/data_after/002/002_039_DSC_0495_aft.JPG,117,43,0.36752136752136755,7,657,487,681,501,dfa546ad9232c6ddaf33f80d3682ed6373518becf942239f962e22835c265455,00d74cc6955a04b3932dce31529b488b773c592907558ae6f9c16fc632dc4114,,true,,1,10.17632/cchsk79jkt.1,LeFood-Set v1,CC BY 4.0
1.0,lefood-0098,98,Tim,002,leftover dataset/data_before/002/002_040_DSC_0426_bef.JPG,leftover dataset/data_after/002/002_040_DSC_0499_aft.JPG,189,0,0,7,672,504,690,512,f844f20ab838ccace9342db10e9b6b9ba905dab745fd0c59afc8d3ab3ae81d3b,be1dc87a59ecbe308575f5d9b8df0cb058a420803e5668393afbb95205fe6bd1,,true,,1,10.17632/cchsk79jkt.1,LeFood-Set v1,CC BY 4.0
1.0,lefood-0099,99,Tim,002,leftover dataset/data_before/002/002_041_DSC_0432_bef.JPG,leftover dataset/data_after/002/002_041_DSC_0489_aft.JPG,227,1,0.0044052863436123352,7,662,494,676,494,3574b5b0ad6bebea886cb3a86718625f3274ab5beff485eb1f2bd7d915444d88,ed936b8e5333ffb510b22b3f5521f34ab5b58f4f9fc04b3bf6fae9cd742a0e29,,true,,1,10.17632/cchsk79jkt.1,LeFood-Set v1,CC BY 4.0
1.0,lefood-0100,100,Tim,002,leftover dataset/data_before/002/002_042_DSC_0433_bef.JPG,leftover dataset/data_after/002/002_042_DSC_0493_aft.JPG,123,87,0.70731707317073167,4,659,492,680,498,ec48270fb4e482c8bf3f97651f53610c8647f34541b80fe72f76e962bf33666b,66117ea5aeb2e49703dc49d006a3f0092acdc06936edd64503c2ecd7bda67085,,true,,1,10.17632/cchsk79jkt.1,LeFood-Set v1,CC BY 4.0
1.0,lefood-0101,101,Tim,002,leftover dataset/data_before/002/002_043_DSC_0434_bef.JPG,leftover dataset/data_after/002/002_043_DSC_0482_aft.JPG,152,49,0.32236842105263158,5,659,487,675,498,d3b36d4e601b844dfc78bb67219afc3da372b649ee053d550000224065730dfd,9c6449873af0b37a92f9e49bc660b9adfaa155e224d97a5175fb78ca82c46a2f,,true,,1,10.17632/cchsk79jkt.1,LeFood-Set v1,CC BY 4.0
1.0,lefood-0102,102,Tim,002,leftover dataset/data_before/002/002_047_DSC_0520_bef.JPG,leftover dataset/data_after/002/002_047_DSC_0586_aft.JPG,183,181,0.98907103825136611,1,671,496,703,528,551513dcc01daadbcb442e79293db501bc0332ffb83860a3b04d0ee6f808a917,2905fbf2ee90451c5e2fe0aaffeb497dbf1f36be9d14ed08275269eac5129c33,,true,,1,10.17632/cchsk79jkt.1,LeFood-Set v1,CC BY 4.0
1.0,lefood-0103,103,Tim,002,leftover dataset/data_before/002/002_048_DSC_0519_bef.JPG,leftover dataset/data_after/002/002_048_DSC_0599_aft.JPG,183,145,0.79234972677595628,3,683,505,702,512,86c195a9ab12d1d1716ed5cef0de0471c774e9509eb62d4b254d26f5039c4702,0f5d06ebe8ea5d35108d0e1fbd2ac5c460ef17cbe4aaa899d20636b6dc0981c6,,true,,1,10.17632/cchsk79jkt.1,LeFood-Set v1,CC BY 4.0
1.0,lefood-0104,104,Tim,002,leftover dataset/data_before/002/002_056_DSC_0639_bef.JPG,leftover dataset/data_after/002/002_056_DSC_0696_aft.JPG,167,18,0.10778443113772455,6,699,507,705,517,69ca95089add634b81ad8a761b2ff932c45911e4684e360b4d6b33a173195395,4d27f2ff77b695fd8fd0a5995a9f34c5ceb1d8c1bc93f9d601d6626d42920bd3,,true,,1,10.17632/cchsk79jkt.1,LeFood-Set v1,CC BY 4.0
1.0,lefood-0105,105,Tim,002,leftover dataset/data_before/002/002_057_DSC_0640_bef.JPG,leftover dataset/data_after/002/002_057_DSC_0697_aft.JPG,145,27,0.18620689655172415,5,704,516,711,525,10a3c296a6aef332b3bbd67003b245878306b36e2d29b8b77f0cf29d6cfc70f4,76350731991b712df18beeadb9c8eebcd236e74261b285146050291ad4712b9e,,true,,1,10.17632/cchsk79jkt.1,LeFood-Set v1,CC BY 4.0
1.0,lefood-0106,106,Tim,002,leftover dataset/data_before/002/002_058_DSC_0648_bef.JPG,leftover dataset/data_after/002/002_058_DSC_0668_aft.JPG,190,157,0.82631578947368423,3,708,524,693,505,513529d69db291bb74ba348003ba857d690eebc1d4937f6286ef9249fd2f6b15,3e0b7fc005bb51c544f1b2442d8a2efda79482fc6ecaa50be40a6951a01e475d,,true,,1,10.17632/cchsk79jkt.1,LeFood-Set v1,CC BY 4.0
1.0,lefood-0107,107,Tim,002,leftover dataset/data_before/002/002_059_DSC_0650_bef.JPG,leftover dataset/data_after/002/002_059_DSC_0684_aft.JPG,175,142,0.81142857142857139,4,697,502,703,515,4c60c6e05a2b6f7312b576e74735757c577984febfeb76cdf737079d1df0a281,e4ffa2326aae1d02eabbdfa2483e4cc1b0b0100d3e07416a6fea3d561b932775,,true,,1,10.17632/cchsk79jkt.1,LeFood-Set v1,CC BY 4.0
1.0,lefood-0108,108,Tim,002,leftover dataset/data_before/002/002_060_DSC_0651_bef.JPG,leftover dataset/data_after/002/002_060_DSC_0674_aft.JPG,173,0,0,7,705,521,704,513,15d7d76ea2a18ee802c8c6b9b81f7a75bb88844baaea052840f011c48dde4cb5,b3f391be811ebf997ff58629683daa7d62358a4aa67def655a4c86c365b3ac63,,true,,1,10.17632/cchsk79jkt.1,LeFood-Set v1,CC BY 4.0
1.0,lefood-0109,109,Tim,002,leftover dataset/data_before/002/002_061_DSC_0652_bef.JPG,leftover dataset/data_after/002/002_061_DSC_0679_aft.JPG,124,54,0.43548387096774194,3,679,485,679,476,42e85e8cf5b1c25a60a8ec56197aafd11034e668aef2a97b886b15f1aab73c80,f57fce4edd5fb81514c2121bf450fd95ab47ed4d5d8465a4b5ab9a5dfe095fb3,,true,,1,10.17632/cchsk79jkt.1,LeFood-Set v1,CC BY 4.0
1.0,lefood-0110,110,Tim,002,leftover dataset/data_before/002/002_068_DSC_0749_bef.JPG,leftover dataset/data_after/002/002_068_DSC_0796_aft.JPG,152,0,0,7,747,554,755,571,3e516f7d93d0c527819a02982f4f77a2a399cb1042cb3df90565a4721862e2b6,cc613b7c0fe99948fdfa23c74c75e7ffae0c6f64d89a82d14cc94896e1a5f8d7,,true,,1,10.17632/cchsk79jkt.1,LeFood-Set v1,CC BY 4.0
1.0,lefood-0111,111,Tim,002,leftover dataset/data_before/002/002_069_DSC_0750_bef.JPG,leftover dataset/data_after/002/002_069_DSC_0798_aft.JPG,156,94,0.60256410256410253,4,732,544,737,555,6ec731ad585b89bae82536e5a80f1ff44ec35497b178a66c59b2d9df40ffd107,12390df6a5f9502d37760b0335684c3dc0b66ad11d148fc63e2e8f52c59eab70,,true,,1,10.17632/cchsk79jkt.1,LeFood-Set v1,CC BY 4.0
1.0,lefood-0112,112,Tim,002,leftover dataset/data_before/002/002_070_DSC_0711_bef.JPG,leftover dataset/data_after/002/002_070_DSC_0767_aft.JPG,149,95,0.63758389261744963,4,745,562,755,573,059ab09b3365e53dfbcb58ad466b58a63c30ee69ab5e3dde970e30f82fda5a13,bc640d27df799aec27ab8e5855106e961665b6fb8c9b77d61476741d5c2c483d,dup-7d86091f77cf,true,,1,10.17632/cchsk79jkt.1,LeFood-Set v1,CC BY 4.0
1.0,lefood-0113,113,Tim,002,leftover dataset/data_before/002/002_071_DSC_0742_bef.JPG,leftover dataset/data_after/002/002_071_DSC_0782_aft.JPG,129,2,0.015503875968992248,7,740,554,758,576,5a80b16bb721dc47494241ec6859c91ecb733eabbc892caa73cd276c8a84afa0,b9e7273765db7055a9b0d301f7730c829fcedbef27b13f29d97759286ff7d2cc,,true,,1,10.17632/cchsk79jkt.1,LeFood-Set v1,CC BY 4.0
1.0,lefood-0114,114,Tim,002,leftover dataset/data_before/002/002_072_DSC_0712_bef.JPG,leftover dataset/data_after/002/002_072_DSC_0770_aft.JPG,163,143,0.87730061349693256,3,745,562,758,571,088d85c9b27dc8e8b16884912a00c37a2cb30caa093d942a06f3468598c39ab2,b73cb7e731aaebb0c9839ca19058b80171fa5abe31f3e44e8e6745575de0d605,dup-7d86091f77cf,true,,1,10.17632/cchsk79jkt.1,LeFood-Set v1,CC BY 4.0
1.0,lefood-0115,115,Tim,002,leftover dataset/data_before/002/002_073_DSC_0713_bef.JPG,leftover dataset/data_after/002/002_073_DSC_0774_aft.JPG,159,159,1,2,745,562,760,573,4c3d2f01c4e6b0a5c5ef4e51ff41ae78209912f688f187b14d22dce0696b3b13,a54fda041b2d296e0360c25395bc0d8e13f33dedb2bd8b6a9a38473f7af7d80c,dup-7d86091f77cf,true,,1,10.17632/cchsk79jkt.1,LeFood-Set v1,CC BY 4.0
1.0,lefood-0116,116,Tim,002,leftover dataset/data_before/002/002_080_DSC_0823_bef.JPG,leftover dataset/data_after/002/002_080_DSC_0903_aft.JPG,168,161,0.95833333333333337,1,689,521,668,498,e32416bb928e98ec01386956c6d3ef49030e60ab7643301cb90656a6a040ce48,d29871550f5909a125cfa91f3dbb6d80535cb7fe5d1037c654c08d928af98e61,,true,,1,10.17632/cchsk79jkt.1,LeFood-Set v1,CC BY 4.0
1.0,lefood-0117,117,Tim,002,leftover dataset/data_before/002/002_081_DSC_0859_bef.JPG,leftover dataset/data_after/002/002_081_DSC_0891_aft.JPG,162,0,0,7,670,495,656,477,48def67517d4b5e94c9b88573b62cc7266e67bbbc56b0c96a8a677b66f3bd056,d63a8194c8ee1ea18c3e6a0d3970679b8fb9be3999e66c71257cacc424af0a1e,,true,,1,10.17632/cchsk79jkt.1,LeFood-Set v1,CC BY 4.0
1.0,lefood-0118,118,Tim,002,leftover dataset/data_before/002/002_082_DSC_0860_bef.JPG,leftover dataset/data_after/002/002_082_DSC_0890_aft.JPG,155,77,0.49677419354838709,4,668,483,662,483,7f48ef74fab4f14639ae9baf04848b498fe4038030949eca66de8fc613469362,49f629020a7f5fd0cf35f206231eec501eab3203bfa8f62b92ae861764da5ce3,,true,,1,10.17632/cchsk79jkt.1,LeFood-Set v1,CC BY 4.0
1.0,lefood-0119,119,Tim,002,leftover dataset/data_before/002/002_083_DSC_0861_bef.JPG,leftover dataset/data_after/002/002_083_DSC_0899_aft.JPG,156,5,0.032051282051282048,6,668,484,668,487,c621de6d03bb54d9a45c612ef1b037492c9b8417d84d6bc3f0a493a8d6b1b0c9,f374a843f129c99a74ae7bbadf302fe9fead24afd4a6cc546dd3a625febb5aa1,,true,,1,10.17632/cchsk79jkt.1,LeFood-Set v1,CC BY 4.0
1.0,lefood-0120,120,Tim,002,leftover dataset/data_before/002/002_089_DSC_0925_bef.JPG,leftover dataset/data_after/002/002_089_DSC_1004_aft.JPG,145,79,0.54482758620689653,4,691,525,665,499,af815a40a507ad27492b0f06e2ec640e8b5fbcc0a22236e303f2d894473e9fc6,9ae62bd9f7c549e7d1bf2abbe7e10798c704a7506da213e6aafea4f4cec7a431,,true,,1,10.17632/cchsk79jkt.1,LeFood-Set v1,CC BY 4.0
1.0,lefood-0121,121,Tim,002,leftover dataset/data_before/002/002_090_DSC_0926_bef.JPG,leftover dataset/data_after/002/002_090_DSC_0010_aft.JPG,152,150,0.98684210526315785,1,692,529,684,522,db88a273600b3971b187b201e688728d15e872ef0175c2a30495232777847bf5,42cfbdc302573f4787e47693a87cdea07e0d35b1705d47306633ee6657324fb3,,true,,1,10.17632/cchsk79jkt.1,LeFood-Set v1,CC BY 4.0
1.0,lefood-0122,122,Tim,002,leftover dataset/data_before/002/002_091_DSC_0962_bef.JPG,leftover dataset/data_after/002/002_091_DSC_0004_aft.JPG,150,0,0,7,683,519,659,482,db174e6f10182912c651a6026633ab48c6fe165a6e990a952c53c48ac46e0a52,f967e3c6005e0ceea914795207f8c0b38a20a8cee5b28f78f53bfd11ce843a4c,,true,,1,10.17632/cchsk79jkt.1,LeFood-Set v1,CC BY 4.0
1.0,lefood-0123,123,Tim,002,leftover dataset/data_before/002/002_092_DSC_0963_bef.JPG,leftover dataset/data_after/002/002_092_DSC_0995_aft.JPG,146,145,0.99315068493150682,1,682,516,662,492,887d5a718279b3ee00d954b76988ed72cd67ccc9f4024062bacefc22724aa85e,4ca9f716f2d0740c0d532a839fe35404ccff2889349ffb0e961463014731ad09,,true,,1,10.17632/cchsk79jkt.1,LeFood-Set v1,CC BY 4.0
1.0,lefood-0124,124,Tim,002,leftover dataset/data_before/002/002_093_DSC_0964_bef.JPG,leftover dataset/data_after/002/002_093_DSC_1005_aft.JPG,150,0,0,7,685,520,655,479,d6a0bc517412651596546fe1a8e84c223cb8ab9d96236177526e4e2f6e9040f8,16e402bfc2cc01940880f76a45a3d7a59a7c69d282465935eda806b867fc20c8,,true,,1,10.17632/cchsk79jkt.1,LeFood-Set v1,CC BY 4.0
1.0,lefood-0125,125,Tim,002,leftover dataset/data_before/002/002_094_DSC_0965_bef.JPG,leftover dataset/data_after/002/002_094_DSC_1011_aft.JPG,136,71,0.5220588235294118,5,676,505,661,490,2abe5f7cdb52f27449c385176445f8033e64188ed16de23ab308661733eddb00,f756f05afdb8f5508ded9908848b407e07db64b5d91ea6c166910a9e6790039e,,true,,1,10.17632/cchsk79jkt.1,LeFood-Set v1,CC BY 4.0
1.0,lefood-0126,126,Tim,002,leftover dataset/data_before/002/002_099_DSC_0028_bef.JPG,leftover dataset/data_after/002/002_099_DSC_0078_aft.JPG,188,94,0.5,4,679,507,688,519,e7c595050c4045a10718835e938a89f2b915834b9e100b4f053b97e444035225,09ab84fca2a7132af47edff311382131f2c03de495eb9bfcca30f6664fce1792,,true,,1,10.17632/cchsk79jkt.1,LeFood-Set v1,CC BY 4.0
1.0,lefood-0127,127,Tim,002,leftover dataset/data_before/002/002_100_DSC_0074_bef.JPG,leftover dataset/data_after/002/002_100_DSC_0098_aft.JPG,140,10,0.071428571428571425,6,690,514,683,508,bc9e8fde943fd0c3fdcdd23e94b1e49a7e201222f52e525391b2ab2648429e25,5e23c1059c15f598adcef800bb950f32f58650e4a4865aba186cf5d10776effc,,true,,1,10.17632/cchsk79jkt.1,LeFood-Set v1,CC BY 4.0
1.0,lefood-0128,128,Tim,002,leftover dataset/data_before/002/002_101_DSC_0073_bef.JPG,leftover dataset/data_after/002/002_101_DSC_0102_aft.JPG,155,0,0,7,670,497,677,493,a1eff2d20f060f6a13ea9ed7e48eab38c6b4dff72be37b161974f0dcff130fd9,a42b3a594abd0c34312c6c2edf8b6f8c4393e532d1c9222fcef22fabb3338470,,true,,1,10.17632/cchsk79jkt.1,LeFood-Set v1,CC BY 4.0
1.0,lefood-0130,129,Tim,002,leftover dataset/data_before/002/002_103_DSC_0071_bef.JPG,leftover dataset/data_after/002/002_103_DSC_0114_aft.JPG,170,170,1,1,678,500,686,510,eedd1e8463a14aecde1bb302485a3e72575975e5029b25b580aaf5decc3db20f,b11a7a483558e5b0a7997368e404f9de3221507d8ad2ec83ec7966c4a6e6b102,,true,,1,10.17632/cchsk79jkt.1,LeFood-Set v1,CC BY 4.0
1.0,lefood-0131,130,Tim,002,leftover dataset/data_before/002/002_104_DSC_0063_bef.JPG,leftover dataset/data_after/002/002_104_DSC_0111_aft.JPG,152,0,0,7,691,517,654,460,b7c641145c5916a29580791ff88a13b1a5cf6e1e20dfb6d36b4c24f606b70239,da135f57fbbc0a5160926febd82b3a97f510f51f389895fe0edb8141a42b844d,,true,,1,10.17632/cchsk79jkt.1,LeFood-Set v1,CC BY 4.0
1.0,lefood-0132,131,Tim,002,leftover dataset/data_before/002/002_111_DSC_0166_bef.JPG,leftover dataset/data_after/002/002_111_DSC_0204_aft.JPG,205,203,0.99024390243902438,3,757,564,694,511,0163ea1cb96e7fa177e67533d60ccbb182fe543ccc978d2ec10797bf5497d791,563acd473a7ec52d345e9c3c0d7157d825b66231df7bbabe3193ad475b17b539,,true,,1,10.17632/cchsk79jkt.1,LeFood-Set v1,CC BY 4.0
1.0,lefood-0133,132,Tim,002,leftover dataset/data_before/002/002_112_DSC_0167_bef.JPG,leftover dataset/data_after/002/002_112_DSC_0212_aft.JPG,152,0,0,7,750,556,686,514,ddfb3b2e1e0f11e9713cefde3f78272b51e4f1bcca2992d819f0759fed1f03aa,8abf5fd1fcc43a8bba516534dff7905188762f7e66db70d897dd0f8de8f2fd1d,,true,,1,10.17632/cchsk79jkt.1,LeFood-Set v1,CC BY 4.0
1.0,lefood-0134,133,Tim,002,leftover dataset/data_before/002/002_113_DSC_0168_bef.JPG,leftover dataset/data_after/002/002_113_DSC_0200_aft.JPG,151,16,0.10596026490066225,6,734,533,695,520,8e888b1ea4a779860672cd6696d90c4c61ac771afa01531c8f6c67658f1a8484,add970a446b5a3e429b25ebcd77d21137471e9500000d66598b7ad059f5580ee,,true,,1,10.17632/cchsk79jkt.1,LeFood-Set v1,CC BY 4.0
1.0,lefood-0135,134,Tim,002,leftover dataset/data_before/002/002_114_DSC_0169_bef.JPG,leftover dataset/data_after/002/002_114_DSC_0208_aft.JPG,157,112,0.7133757961783439,4,745,542,699,518,612e11fc3addd14ada9fe852deec6e12117e05ddaf2b198a7ee48b67b5afe639,dd7ae2671dbde4b0c24953a9b17e975d1426fe0d74fb5abbced53534067564f1,,true,,1,10.17632/cchsk79jkt.1,LeFood-Set v1,CC BY 4.0
1.0,lefood-0136,135,Tim,002,leftover dataset/data_before/002/002_115_DSC_0161_bef.JPG,leftover dataset/data_after/002/002_115_DSC_0195_aft.JPG,193,0,0,7,758,564,700,527,d9cab023c521ec8362f40bb1ffd832811b9d83783bc5f8c1db48c7548fe78ede,6ab088ffadac99461649c9f94e0f9bdbd2287bf4fa776c393450117345af4781,,true,,1,10.17632/cchsk79jkt.1,LeFood-Set v1,CC BY 4.0
1.0,lefood-0137,136,Tim,002,leftover dataset/data_before/002/002_120_DSC_0216_bef.JPG,leftover dataset/data_after/002/002_120_DSC_0276_aft.JPG,165,0,0,7,700,524,721,542,95a768adcb32b0458d099645701420ba653982069686bf8254b21d2083597ff6,93105c9c3697bdfab66c5d2a3b477a67db0eadbf411f414cf191a3cc223cfeef,,true,,1,10.17632/cchsk79jkt.1,LeFood-Set v1,CC BY 4.0
1.0,lefood-0138,137,Tim,002,leftover dataset/data_before/002/002_121_DSC_0217_bef.JPG,leftover dataset/data_after/002/002_121_DSC_0290_aft.JPG,159,0,0,7,709,535,701,523,e7fd1093245a0465819e2bfe6369167a41426a5ee080bf0b9e70c3c3d0211e73,31de179f3bec23f09aaaee6daae1d215ad779625a5230193c74170e8d141c447,,true,,1,10.17632/cchsk79jkt.1,LeFood-Set v1,CC BY 4.0
1.0,lefood-0139,138,Tim,002,leftover dataset/data_before/002/002_122_DSC_0218_bef.JPG,leftover dataset/data_after/002/002_122_DSC_0296_aft.JPG,152,0,0,7,698,513,696,516,45ddb5567a20a28a7399071b1361d55cfc09c75651748f9b2401f28150964be2,ae46352e29dcb509c206db26326f0ba3724122c83e82c55f93f11ef4389052c3,,true,,1,10.17632/cchsk79jkt.1,LeFood-Set v1,CC BY 4.0
1.0,lefood-0140,139,Tim,002,leftover dataset/data_before/002/002_123_DSC_0219_bef.JPG,leftover dataset/data_after/002/002_123_DSC_0285_aft.JPG,158,27,0.17088607594936708,6,694,516,702,515,8e6521477b8b6511b724058b75fa06b208c567fa0304c820839a547a85624eb9,d6722d7e0a1142c3ae1dded016724342400b32f5d1e0b902ac29542b5d9c0eac,,true,,1,10.17632/cchsk79jkt.1,LeFood-Set v1,CC BY 4.0
1.0,lefood-0142,140,Tim,002,leftover dataset/data_before/002/002_130_DSC_0313_bef.JPG,leftover dataset/data_after/002/002_130_DSC_0362_aft.JPG,174,1,0.0057471264367816091,7,724,535,701,509,c391b7661a71f6680d9f212f5647df20c9e861f32194ecb8b6cfef9482dcd430,600bf9d02f5202a4516089033bd3493f7e6d235ea36e0ceadcbfc8ff57798f90,,true,,1,10.17632/cchsk79jkt.1,LeFood-Set v1,CC BY 4.0
1.0,lefood-0143,141,Tim,002,leftover dataset/data_before/002/002_131_DSC_0310_bef.JPG,leftover dataset/data_after/002/002_131_DSC_0397_aft.JPG,170,131,0.77058823529411768,3,715,521,737,550,0a0cf76d0ee7369b1d9ef933f8206318b38a77255c1e929553354c1ed761654f,79086d2ec4e18374d6566a19698cee0360d05c0535b09153166f6ce425e3847c,,true,,1,10.17632/cchsk79jkt.1,LeFood-Set v1,CC BY 4.0
1.0,lefood-0144,142,Tim,002,leftover dataset/data_before/002/002_132_DSC_0312_bef.JPG,leftover dataset/data_after/002/002_132_DSC_0361_aft.JPG,190,2,0.010526315789473684,6,724,539,701,509,e0565714c59ba7814960627f6587f7f4aa81d3c6bc402a0d7ee347101f9c3547,2e2b05989a16b212415c4822ce1e538afca10e298800270df634d4fa914a4fb6,,true,,1,10.17632/cchsk79jkt.1,LeFood-Set v1,CC BY 4.0
1.0,lefood-0145,143,Tim,002,leftover dataset/data_before/002/002_133_DSC_0311_bef.JPG,leftover dataset/data_after/002/002_133_DSC_0383_aft.JPG,174,2,0.011494252873563218,7,725,536,737,553,ab91a4fd9f0111355fe94cf2ae0d545a42942f5b2160a28b426f626b225c37a8,d89b1d986bc042c5d8d860f6b3b448ec980c59ee7c4bb68ce7f595961dd0ed3f,,true,,1,10.17632/cchsk79jkt.1,LeFood-Set v1,CC BY 4.0
1.0,lefood-0146,144,Tim,002,leftover dataset/data_before/002/002_138_DSC_0424_bef.JPG,leftover dataset/data_after/002/002_138_DSC_0490_aft.JPG,186,184,0.989247311827957,1,668,501,699,523,221ee5ffa940f56d40e9150a71028b9a48b02be6b48acb78edd676c7d64cb17c,7ed7ada8cc6dac7e605269ad9491c1f92a9e7d3d0924e43dc3347eede2ac959a,,true,,1,10.17632/cchsk79jkt.1,LeFood-Set v1,CC BY 4.0
1.0,lefood-0147,145,Tim,002,leftover dataset/data_before/002/002_139_DSC_0425_bef.JPG,leftover dataset/data_after/002/002_139_DSC_0491_aft.JPG,183,74,0.40437158469945356,5,666,495,711,529,ec46e86555b592b0e8b63d44aed4a9fb981571919b7e58c8d8d95163fd23ab32,61f1711649b2ffdc044250936d7af40a2dc831eea13ac446002956c6511bac3c,,true,,1,10.17632/cchsk79jkt.1,LeFood-Set v1,CC BY 4.0
1.0,lefood-0148,146,Tim,002,leftover dataset/data_before/002/002_140_DSC_0421_bef.JPG,leftover dataset/data_after/002/002_140_DSC_0469_aft.JPG,168,94,0.55952380952380953,4,661,491,701,521,b3f6954f7f53ca51be9cce024b3a5ecada9fb687dbacf48e9869590be076e746,eef4051a366aa01bd1e6914b2d3a14f4326e580f0850617e440eb47af5799e18,,true,,1,10.17632/cchsk79jkt.1,LeFood-Set v1,CC BY 4.0
1.0,lefood-0149,147,Tim,002,leftover dataset/data_before/002/002_141_DSC_0422_bef.JPG,leftover dataset/data_after/002/002_141_DSC_0467_aft.JPG,159,117,0.73584905660377353,3,660,489,692,523,8575a02a6dbaedb7f8cff1be8acc3da20c7ccbe81c94553326dcae5b2c7f84d0,5385a6e7498e1f5c1a78195616b9eb23d6a910eb45f3904b2649f04dab93b70a,,true,,1,10.17632/cchsk79jkt.1,LeFood-Set v1,CC BY 4.0
1.0,lefood-0150,148,Tim,002,leftover dataset/data_before/002/002_142_DSC_0423_bef.JPG,leftover dataset/data_after/002/002_142_DSC_0472_aft.JPG,160,159,0.99375000000000002,1,659,484,696,514,e619283d23d9752398aeb4d4beeb6a47da6b0c1ec47fe7e5c15304338a279da6,3812aac27b2de552b35feb6228b6583a8b4e445d161564a631dc5b656bb4618c,,true,,1,10.17632/cchsk79jkt.1,LeFood-Set v1,CC BY 4.0
1.0,lefood-0151,149,Tim,002,leftover dataset/data_before/002/002_143_DSC_0434_bef.JPG,leftover dataset/data_after/002/002_143_DSC_0458_aft.JPG,196,155,0.79081632653061229,1,662,490,703,523,d712f5bfd955b72e1419d19858fee8884d0741c2c7f345b06f8418a77ff80cc5,8e7642bd2bfac0b61290d7164c4821e7d0038d6f5c1a4b681c9ff583944de749,,true,,1,10.17632/cchsk79jkt.1,LeFood-Set v1,CC BY 4.0
1.0,lefood-0152,150,Tim,002,leftover dataset/data_before/002/002_149_DSC_0532_bef.JPG,leftover dataset/data_after/002/002_149_DSC_0567_aft.JPG,185,96,0.51891891891891895,4,736,546,729,535,4416d456a143ecf7f64630014a4a933b2667a9a2f7ce24d35e9d9fdf0b152e8d,6479d4795f0064f19f9b1c2d6fa2f4b05c27882f0d7fd3e2d88bddb3e4f80f88,,true,,1,10.17632/cchsk79jkt.1,LeFood-Set v1,CC BY 4.0
1.0,lefood-0153,151,Tim,002,leftover dataset/data_before/002/002_150_DSC_0533_bef.JPG,leftover dataset/data_after/002/002_150_DSC_0561_aft.JPG,185,0,0,7,734,541,742,545,437d72bf67f73afb80cf0c1b763da1b726c5891100ec14dc0912eef79807e329,4002ef7ce62320658cc111a78fcbc8113cb087519417524ed43a80fe2228ef83,,true,,1,10.17632/cchsk79jkt.1,LeFood-Set v1,CC BY 4.0
1.0,lefood-0154,152,Tim,002,leftover dataset/data_before/002/002_151_DSC_0534_bef.JPG,leftover dataset/data_after/002/002_151_DSC_0556_aft.JPG,166,0,0,7,741,550,748,551,436ec4a0b59e56c55cc2be62bda9bf17ea73a7d8d97f355f9dab1a049099f641,8f2988502523d8a5f50b1eca6eda902d2961dbc82fb102380d1986f1c02e20c6,,true,,1,10.17632/cchsk79jkt.1,LeFood-Set v1,CC BY 4.0
1.0,lefood-0155,153,Tim,002,leftover dataset/data_before/002/002_152_DSC_0543_bef.JPG,leftover dataset/data_after/002/002_152_DSC_0576_aft.JPG,159,58,0.36477987421383645,5,729,535,748,553,0308124eafa4cd3051cd91ea9c5a85e760b681ee4fe3409fbf07771f7a13ec98,591ec6f35f46171fc1f5eedf3ef2452e96b5d93eaa14b7fd6805c5093f1ae901,,true,,1,10.17632/cchsk79jkt.1,LeFood-Set v1,CC BY 4.0
1.0,lefood-0156,154,Tim,002,leftover dataset/data_before/002/002_153_DSC_0544_bef.JPG,leftover dataset/data_after/002/002_153_DSC_0571_aft.JPG,166,14,0.084337349397590355,6,738,542,744,545,2b91450ef07aab98a30077f8f645196ac324c74c5fe69c4ade2e74af48e7cc56,e27958c7a45edaa01e58c0c35fad4e5e7f9f46ac86d4aeeab9a7778bee2f199d,,true,,1,10.17632/cchsk79jkt.1,LeFood-Set v1,CC BY 4.0
1.0,lefood-0157,155,Tim,002,leftover dataset/data_before/002/002_154_DSC_0545_bef.JPG,leftover dataset/data_after/002/002_154_DSC_0602_aft.JPG,161,109,0.67701863354037262,4,737,540,732,539,da0c070c1897d2005f190bad780b6a9794ff523d52bda41ca8340a7593705878,c80475decc2c746d02d200966ed3027673a2a3dc997da0491fef9f042deec2f6,,true,,1,10.17632/cchsk79jkt.1,LeFood-Set v1,CC BY 4.0
1.0,lefood-0158,156,Tim,002,leftover dataset/data_before/002/002_157_DSC_0606_bef.JPG,leftover dataset/data_after/002/002_157_DSC_0632_aft.JPG,150,5,0.033333333333333333,7,711,520,727,536,711a3f1e76c4ee760a24020b75ee1fd9c1f998612cec9ee3caa4e730cab8cbd9,b8be3dd7dcb40451072ed3d0705027a9c47ad7bf545fd450f617a6e90cd4f324,,true,,1,10.17632/cchsk79jkt.1,LeFood-Set v1,CC BY 4.0
1.0,lefood-0159,157,Telur orak arik,003,leftover dataset/data_before/003/003_158_DSC_0018_bef.JPG,leftover dataset/data_after/003/003_158_DSC_0030_aft.JPG,39,39,1,1,427,307,453,339,f51115b5238014ed7c97c9142159c66821b7f7fc27c576f1a3f73110355164f1,12d42f0980b6acef996ee3428bd177dbb3523322abe75c48178858fe8dac9900,,true,,3,10.17632/cchsk79jkt.1,LeFood-Set v1,CC BY 4.0
1.0,lefood-0160,158,Kroket Daging,004,leftover dataset/data_before/004/004_159_DSC_0065_bef.JPG,leftover dataset/data_after/004/004_159_DSC_0107_aft.JPG,28,15,0.5357142857142857,5,520,377,507,364,7b7b091338addf96e751c4ae65cbe626ac909d3d7b1c019b8cbda4a3c335f76d,30e0fa5a83c3637dbf2eaff8502692e6c95fce647878d92db5a7b697db510eae,,true,,4,10.17632/cchsk79jkt.1,LeFood-Set v1,CC BY 4.0
1.0,lefood-0161,159,Kroket Daging,004,leftover dataset/data_before/004/004_160_DSC_0069_bef.JPG,leftover dataset/data_after/004/004_160_DSC_0094_aft.JPG,17,0,0,7,516,372,510,369,8010a8ac66a34ca4973089b235eaad0bb737b8bb6f63f6063c994a2ecbb8f8fd,f8d0734835284b11657528b48e56c2d15edbf5a03b0db2c454bd2da6424f9b96,,true,,4,10.17632/cchsk79jkt.1,LeFood-Set v1,CC BY 4.0
1.0,lefood-0162,160,Kroket Daging,004,leftover dataset/data_before/004/004_161_DSC_0071_bef.JPG,leftover dataset/data_after/004/004_161_DSC_0100_aft.JPG,24,0,0,7,523,384,511,372,acb82505ebacea136cbe528f8a88180e2d11065b7c76a1806c98a42176ea84ef,dbf794115b906ea75b7cb6ec2ca7949ae678dfe99eedac9a3355fc9838d0abdb,,true,,4,10.17632/cchsk79jkt.1,LeFood-Set v1,CC BY 4.0
1.0,lefood-0163,161,Kroket Daging,004,leftover dataset/data_before/004/004_162_DSC_0045_bef.JPG,leftover dataset/data_after/004/004_162_DSC_0084_aft.JPG,25,0,0,7,514,370,520,384,f6fe9800dd6020a3a23fb26b408809dd73cb9b613a2a2eb658af2ac8e6644864,4505a53b0e3ee1e740ad9cbf8b7c39a21a1da40a09f350526f13be015e4db81a,,true,,4,10.17632/cchsk79jkt.1,LeFood-Set v1,CC BY 4.0
1.0,lefood-0164,162,Kroket Daging,004,leftover dataset/data_before/004/004_163_DSC_0048_bef.JPG,leftover dataset/data_after/004/004_163_DSC_0081_aft.JPG,26,0,0,7,523,383,507,367,e26db92bfc2f4b2b62dd89c7f84d0b2a33a7e7a39d2414e10db3c3bb14a02e89,e0f2c42a94b345aa08b1b1a17d23a9868b958e26b57026d15ff189192074f5e0,,true,,4,10.17632/cchsk79jkt.1,LeFood-Set v1,CC BY 4.0
1.0,lefood-0165,163,Kroket Daging,004,leftover dataset/data_before/004/004_164_DSC_0050_bef.JPG,leftover dataset/data_after/004/004_164_DSC_0092_aft.JPG,27,29,1.0740740740740742,1,518,373,507,365,d039d0b80bb1370dee90d25f65893159f5b029211c641e27663f01d6c487043d,00cc0cfeea3c0ed54eaa71bede7d4ba204cf13487f6a4b7d31c3f3e11aa16e29,,false,after_mass_exceeds_before_mass,4,10.17632/cchsk79jkt.1,LeFood-Set v1,CC BY 4.0
1.0,lefood-0166,164,Kroket Daging,004,leftover dataset/data_before/004/004_165_DSC_0039_bef.JPG,leftover dataset/data_after/004/004_165_DSC_0075_aft.JPG,27,1,0.037037037037037035,7,511,366,504,361,ca91f7a9177ace5574a5f43a7ef3b8f2d0f2c5acee40f4a5810af681ba0f2515,995797fbb29fc4b96bcb271f26ac46e0c638ac025482eb97384b75ed67e2eb16,,true,,4,10.17632/cchsk79jkt.1,LeFood-Set v1,CC BY 4.0
1.0,lefood-0167,165,Kroket Daging,004,leftover dataset/data_before/004/004_166_DSC_0062_bef.JPG,leftover dataset/data_after/004/004_166_DSC_0103_aft.JPG,24,0,0,7,523,380,504,356,5d0cb3efc26c9f9f301a6455600e8bfe3936ba1032343afd987dc09c3f2eb6c3,0151032d06d8595adcb3d050e29f57cb191f3ea2b047541b62ac283a165cde08,dup-15f25e4070f6,true,,4,10.17632/cchsk79jkt.1,LeFood-Set v1,CC BY 4.0
1.0,lefood-0168,166,Kroket Daging,004,leftover dataset/data_before/004/004_244_DSC_0968_bef.JPG,leftover dataset/data_after/004/004_244_DSC_0974_aft.JPG,26,0,0,7,517,395,521,400,2c8b30301a7af6b1975afd3284e80c28791e39a48c55f3ad68e1b89cb08bf429,aa94628b6fa9737e2594af7d13674341baa1a59ba9ecff72b0cacf8dcbb861c9,,true,,4,10.17632/cchsk79jkt.1,LeFood-Set v1,CC BY 4.0
1.0,lefood-0169,167,Kroket Daging,004,leftover dataset/data_before/004/004_245_DSC_0949_bef.JPG,leftover dataset/data_after/004/004_245_DSC_0978_aft.JPG,28,8,0.2857142857142857,6,524,403,529,410,8a8af9880d8bc24b44b9d2132c2bbca99df047162c20fca581cd4e31c7d8a0da,b65b7a48070de384be46d0280c0d4368d97994e653931143fd3e99caf41ee460,,true,,4,10.17632/cchsk79jkt.1,LeFood-Set v1,CC BY 4.0
1.0,lefood-0170,168,Kroket Daging,004,leftover dataset/data_before/004/004_246_DSC_0958_bef.JPG,leftover dataset/data_after/004/004_246_DSC_0982_aft.JPG,26,0,0,7,520,399,521,395,cfd5d7b1362dc3a0bb62506a4219575611dcdc690efde3a92f5bdf02eb02a9fb,82fd93a817ebc9d790be8c14ec976958a21a327a27813477aa3856ae44e49f3f,,true,,4,10.17632/cchsk79jkt.1,LeFood-Set v1,CC BY 4.0
1.0,lefood-0171,169,Kroket Daging,004,leftover dataset/data_before/004/004_247_DSC_0956_bef.JPG,leftover dataset/data_after/004/004_247_DSC_0987_aft.JPG,21,0,0,7,518,393,518,394,2d84b34bc21acfff59a1a84b017f6707d3c6cb695a20a3201b69f76511e61233,bdd3e344997e68501f61b49a906f0c3f967740d44be9f7499d03d20087dc210d,,true,,4,10.17632/cchsk79jkt.1,LeFood-Set v1,CC BY 4.0
1.0,lefood-0172,170,Kroket Daging,004,leftover dataset/data_before/004/004_248_DSC_0917_bef.JPG,leftover dataset/data_after/004/004_248_DSC_0990_aft.JPG,21,13,0.61904761904761907,5,517,395,510,391,7632240949eafdbc36f88210d7e17d3d41921353d894fcffcfa0f40ba189c3e2,d4c73d42198164ae03fabb681ef373987c5fae29cc0870e700a5e8459ac31bbc,,true,,4,10.17632/cchsk79jkt.1,LeFood-Set v1,CC BY 4.0
1.0,lefood-0173,171,Kroket Daging,004,leftover dataset/data_before/004/004_249_DSC_0935_bef.JPG,leftover dataset/data_after/004/004_249_DSC_1003_aft.JPG,29,0,0,7,520,402,500,374,ebbfb2266063ea986839ea11bbdaaf266bb751c063b4e2816674d32e6e812e23,a6709a87ba479a8ad98db32e77cbc9cc6bc406a7145298b0a1e86b375fc1059b,,true,,4,10.17632/cchsk79jkt.1,LeFood-Set v1,CC BY 4.0
1.0,lefood-0174,172,Kroket Daging,004,leftover dataset/data_before/004/004_250_DSC_0966_bef.JPG,leftover dataset/data_after/004/004_250_DSC_0012_aft.JPG,20,0,0,7,515,395,499,368,9930768519555cd7b3d93cb3aaaefbbf0a952524992ffb9203d0f32cfad2c9e7,abfda8fe33944716e68dc615353bca276f52dc09bbe17c3030ce31c9ea37a054,,true,,4,10.17632/cchsk79jkt.1,LeFood-Set v1,CC BY 4.0
1.0,lefood-0175,173,Kroket Daging,004,leftover dataset/data_before/004/004_251_DSC_0927_bef.JPG,leftover dataset/data_after/004/004_251_DSC_0009_aft.JPG,29,0,0,7,518,396,504,376,70b013ba93faab106f2b04d85089e87e42f0810912f597db2c9eb6a1148a7ae4,908a603cef78ff20da169b7de9e2f268c75beff4409340964ffb76b370736f72,,true,,4,10.17632/cchsk79jkt.1,LeFood-Set v1,CC BY 4.0
1.0,lefood-0176,174,Kroket Daging,004,leftover dataset/data_before/004/004_252_DSC_0931_bef.JPG,leftover dataset/data_after/004/004_252_DSC_0996_aft.JPG,24,27,1.125,1,522,402,509,390,9b6f88cb42273f609b748e91a966ff8933265abc0366a6953e4ca4008da242a9,7521bdcc1027dc99d2264598a28e415a4a6d5b3bd9302f4ecd3f54e75edd341f,,false,after_mass_exceeds_before_mass,4,10.17632/cchsk79jkt.1,LeFood-Set v1,CC BY 4.0
1.0,lefood-0177,175,Kroket Daging,004,leftover dataset/data_before/004/004_253_DSC_0939_bef.JPG,leftover dataset/data_after/004/004_253_DSC_1010_aft.JPG,25,0,0,7,516,391,504,380,b0cd97cf866f98b2f45ef2a08e82f862c08dfc41994477b1431acef29fc5bd8b,8973bff601840858e88e8d630b8921ccaf032b852da001ed424fa250b7d76e32,,true,,4,10.17632/cchsk79jkt.1,LeFood-Set v1,CC BY 4.0
1.0,lefood-0178,176,Kroket Daging,004,leftover dataset/data_before/004/004_254_DSC_0944_bef.JPG,leftover dataset/data_after/004/004_254_DSC_1013_aft.JPG,20,0,0,7,517,393,499,382,c53ef1f30f46c120b140a154dde308b9414509c81c4f656d63d3ac33fe1925d1,6ab498106f2e6934bfad14f367882a07eed847cbc454868335c845f83189e090,,true,,4,10.17632/cchsk79jkt.1,LeFood-Set v1,CC BY 4.0
1.0,lefood-0179,177,Opor Ayam,005,leftover dataset/data_before/005/005_167_DSC_0127_bef.JPG,leftover dataset/data_after/005/005_167_DSC_0167_aft.JPG,52,51,0.98076923076923073,1,520,385,534,399,a25036df6384ed24fcdbc24dc6380e2ce544ab2fe63ce8eaa2f6770ad3460565,a3fdb166421cff6e794000e2b229e2367868896ae82147f6719fbc48ba6f225a,,true,,0,10.17632/cchsk79jkt.1,LeFood-Set v1,CC BY 4.0
1.0,lefood-0180,178,Opor Ayam,005,leftover dataset/data_before/005/005_168_DSC_0148_bef.JPG,leftover dataset/data_after/005/005_168_DSC_0170_aft.JPG,35,5,0.14285714285714285,7,528,395,549,411,174f412f8e8a689027aec7624eed36c9d714ccacec141c6d9fac5d1633ea90f2,9b40d510dc3a84abe56ee5f9f0654cb6da8c8cd10a1279a41d88402ef7edd710,,true,,0,10.17632/cchsk79jkt.1,LeFood-Set v1,CC BY 4.0
1.0,lefood-0181,179,Opor Telur,006,leftover dataset/data_before/006/006_169_DSC_0158_bef.JPG,leftover dataset/data_after/006/006_169_DSC_0172_aft.JPG,64,4,0.0625,6,524,390,551,413,a2300a4b55940b00d99faa6b73cf8d476dfd969573112ddeb54a003dae59f9da,4d4a40db0f11e5277d6c8dc0bbb219a6c3627b46a4606526fb9e615cfcd663b0,,true,,3,10.17632/cchsk79jkt.1,LeFood-Set v1,CC BY 4.0
1.0,lefood-0182,180,Opor Telur,006,leftover dataset/data_before/006/006_203_DSC_0447_bef.JPG,leftover dataset/data_after/006/006_203_DSC_0484_aft.JPG,57,57,1,1,501,374,522,391,1ff1390b5f7461a56a180e3918f653947dcf1f43644fcf1db7af5e9d740f3ad6,b562d968671a9d4df31811e39996b0d75b6357f6a1c3d403bcb809f6851f3442,,true,,3,10.17632/cchsk79jkt.1,LeFood-Set v1,CC BY 4.0
1.0,lefood-0183,181,Ikan Acar Kuning,007,leftover dataset/data_before/007/007_170_DSC_0185_bef.JPG,leftover dataset/data_after/007/007_170_DSC_0259_aft.JPG,40,3,0.074999999999999997,6,499,358,535,401,a066c49925ad397edd587a67f76da217d1b0e8715b9f8b83edb2c808f8a23f54,99d5562eff2fa8fe14fba9c9ab9ae04aa5b251baadfc67d49d8fa3a16b1339ee,,true,,4,10.17632/cchsk79jkt.1,LeFood-Set v1,CC BY 4.0
1.0,lefood-0184,182,Ikan Acar Kuning,007,leftover dataset/data_before/007/007_171_DSC_0179_bef.JPG,leftover dataset/data_after/007/007_171_DSC_0227_aft.JPG,28,17,0.6071428571428571,4,477,356,540,400,1c2aa6dea60c618b78345e2de4deb7d28676be20c66851f075591d5550e80e03,8d0b0c6cceef06110c22c33f9588c3983a526364763a9236254d9c78f9c803c4,,true,,4,10.17632/cchsk79jkt.1,LeFood-Set v1,CC BY 4.0
1.0,lefood-0185,183,Ikan Acar Kuning,007,leftover dataset/data_before/007/007_172_DSC_0184_bef.JPG,leftover dataset/data_after/007/007_172_DSC_0235_aft.JPG,30,30,1,1,512,382,547,410,d1a09b5fdb9d2d2048dd7288c8eb6a5531755c93f88964b5894eb878bcf767ea,462c48575273348e68f13ef48fb71256391f84dc9904986c55cbee6fb00d6850,,true,,4,10.17632/cchsk79jkt.1,LeFood-Set v1,CC BY 4.0
1.0,lefood-0186,184,Ikan Acar Kuning,007,leftover dataset/data_before/007/007_173_DSC_0201_bef.JPG,leftover dataset/data_after/007/007_173_DSC_0239_aft.JPG,42,43,1.0238095238095237,1,516,389,546,410,8fa8496a979f1a001cb52cd5496b7f98075ffc5edb6123478fff4324ffb43195,7d90ac5a934086ba2df75658e91351eb8f51fcc628461fc44a2e9d988c4dc405,,false,after_mass_exceeds_before_mass,4,10.17632/cchsk79jkt.1,LeFood-Set v1,CC BY 4.0
1.0,lefood-0187,185,Ikan Acar Kuning,007,leftover dataset/data_before/007/007_174_DSC_0211_bef.JPG,leftover dataset/data_after/007/007_174_DSC_0257_aft.JPG,25,0,0,7,518,392,545,408,fc72baee70f8414abf8f979f3cc73e5a002e3a8667577a9ce2637d75a44c4073,f50b6cd067c90171e1770e38112e844c296fb90ab25e3fc658c1982c3504c2e6,,true,,4,10.17632/cchsk79jkt.1,LeFood-Set v1,CC BY 4.0
1.0,lefood-0188,186,Ikan Acar Kuning,007,leftover dataset/data_before/007/007_175_DSC_0180_bef.JPG,leftover dataset/data_after/007/007_175_DSC_0226_aft.JPG,41,0,0,7,444,339,472,351,5c84477b2aa5e8be209a6db53f8d95b951d830bb76fad36480e9277f36db5c09,2310183a020787264d77fa9e5ba00f3416b80f6f914951497ae843a83f557fc0,,true,,4,10.17632/cchsk79jkt.1,LeFood-Set v1,CC BY 4.0
1.0,lefood-0189,187,Ikan Acar Kuning,007,leftover dataset/data_before/007/007_176_DSC_0193_bef.JPG,leftover dataset/data_after/007/007_176_DSC_0233_aft.JPG,39,0,0,7,436,326,458,344,a80a34c7ffe167705935bbda024a88bd2f40ecad87be892dc5ef25c854266053,9ebe24d5eb2d277764310c05f620a2c2419ed9dcb321e71ea40d0820b7b7d10d,,true,,4,10.17632/cchsk79jkt.1,LeFood-Set v1,CC BY 4.0
1.0,lefood-0190,188,Ikan Acar Kuning,007,leftover dataset/data_before/007/007_177_DSC_0213_bef.JPG,leftover dataset/data_after/007/007_177_DSC_0246_aft.JPG,49,18,0.36734693877551022,5,513,385,543,403,1057313d53d2477ea25c97675a5582892ddb3f36c05c0cccd1743622a0f915cf,ecc696aa72def35395743a11abb5e9009d66d7601251ab8c4878e89b10edcf73,,true,,4,10.17632/cchsk79jkt.1,LeFood-Set v1,CC BY 4.0
1.0,lefood-0191,189,Ikan Acar Kuning,007,leftover dataset/data_before/007/007_178_DSC_0219_bef.JPG,leftover dataset/data_after/007/007_178_DSC_0251_aft.JPG,41,41,1,2,517,390,537,398,ffc1dd41904c8442201f17cd330a18d935953efd63c7a7d87b5d868ab0e1a1d1,6fd0b1705715197c8fdc37c3a7ecd4e1a00d0c5214a8f72361954847087e761a,,true,,4,10.17632/cchsk79jkt.1,LeFood-Set v1,CC BY 4.0
1.0,lefood-0192,190,Ikan Acar Kuning,007,leftover dataset/data_before/007/007_265_DSC_0126_bef.JPG,leftover dataset/data_after/007/007_265_DSC_0177_aft.JPG,39,18,0.46153846153846156,4,566,426,519,386,e90d69a5f213cfa5b30c651a5e9572308adb245bed9bc87c02a8d5c316c44506,ea71f3b1113d564bf04d1056c6177bdc063194f5a84fb88b9150158997a28b90,,true,,4,10.17632/cchsk79jkt.1,LeFood-Set v1,CC BY 4.0
1.0,lefood-0193,191,Ikan Acar Kuning,007,leftover dataset/data_before/007/007_266_DSC_0127_bef.JPG,leftover dataset/data_after/007/007_266_DSC_0185_aft.JPG,37,39,1.0540540540540539,1,569,428,519,383,9e2f0056d184902441b0b6dee6c7f28c0c1e736b256c808c9e2d3a0c9ad3ba29,b785a500a8a175d1f79be0ba3386b9804a45971e60ba5588f23aee8e17b72158,,false,after_mass_exceeds_before_mass,4,10.17632/cchsk79jkt.1,LeFood-Set v1,CC BY 4.0
1.0,lefood-0194,192,Ikan Acar Kuning,007,leftover dataset/data_before/007/007_267_DSC_0132_bef.JPG,leftover dataset/data_after/007/007_267_DSC_0187_aft.JPG,32,0,0,7,569,425,521,388,a2f7b534d6d28078d922651423bebbcb32fc08ced9212f01a2556ec6ea883743,1d698865510a1e3ad4124c2fe5253cdd00083972fc0a4d647498a1697a8e127f,,true,,4,10.17632/cchsk79jkt.1,LeFood-Set v1,CC BY 4.0
1.0,lefood-0195,193,Ikan Acar Kuning,007,leftover dataset/data_before/007/007_268_DSC_0129_bef.JPG,leftover dataset/data_after/007/007_268_DSC_0190_aft.JPG,40,40,1,1,565,421,518,385,0909ca94d7eed9805aed4f5fa0eafd43a2a26aa96faf023586c2954b034239e3,13f03c5c10f4b5641251a4ab6938f052ed27d7100c2bf575bb61507cb274ce8f,,true,,4,10.17632/cchsk79jkt.1,LeFood-Set v1,CC BY 4.0
1.0,lefood-0196,194,Ikan Acar Kuning,007,leftover dataset/data_before/007/007_269_DSC_0136_bef.JPG,leftover dataset/data_after/007/007_269_DSC_0172_aft.JPG,36,35,0.97222222222222221,1,568,427,521,392,084738c74226123a97a225a3273b4522a59936729782102dd71682d24b20919f,869820a2247a0416607dd84d1fda444ff79bd3772a96aa45ef112f5ca8eee0d6,,true,,4,10.17632/cchsk79jkt.1,LeFood-Set v1,CC BY 4.0
1.0,lefood-0197,195,Ikan Acar Kuning,007,leftover dataset/data_before/007/007_270_DSC_0133_bef.JPG,leftover dataset/data_after/007/007_270_DSC_0178_aft.JPG,37,0,0,7,569,426,531,402,7b362aa875831d928911d067abe8ad516ef185c988de4c57aadaa5a7f0eca013,11675a6df18a48929100acf3c57c4c9866e34a0d369e3386f7c09009824e2c47,,true,,4,10.17632/cchsk79jkt.1,LeFood-Set v1,CC BY 4.0
1.0,lefood-0198,196,Ikan Acar Kuning,007,leftover dataset/data_before/007/007_271_DSC_0153_bef.JPG,leftover dataset/data_after/007/007_271_DSC_0205_aft.JPG,39,25,0.64102564102564108,3,568,423,522,395,424e6982d8912e2bc01df179de7b1eec3e187746b52c6a70e92eb406b5bc469d,86a501b2033823e21fe3493e0d34237636ef95af4bdf5f536054d626c92cd8f0,,true,,4,10.17632/cchsk79jkt.1,LeFood-Set v1,CC BY 4.0
1.0,lefood-0199,197,Ikan Acar Kuning,007,leftover dataset/data_before/007/007_272_DSC_0157_bef.JPG,leftover dataset/data_after/007/007_272_DSC_0213_aft.JPG,48,51,1.0625,1,570,423,525,401,52c0e2c3bbbfe7c25c6ebd9e8a1be1a1ac654384674d1453a33871cd4bb1ad48,6017ccea80a3d2fb4a3f33d3e5ecf1e5e834f44fc5a2617edfb5e373586834a8,,false,after_mass_exceeds_before_mass,4,10.17632/cchsk79jkt.1,LeFood-Set v1,CC BY 4.0
1.0,lefood-0200,198,Ikan Acar Kuning,007,leftover dataset/data_before/007/007_273_DSC_0151_bef.JPG,leftover dataset/data_after/007/007_273_DSC_0201_aft.JPG,39,8,0.20512820512820512,5,569,422,522,390,1f74ecde6a8b98e6770dafc2e0cd5169fb66b3b919700761f536bfba3bf44f00,a8dee8c7b5137d8f6dbc32c1d5d6a3d02ddb0bf7d13f73c286d8a98e68fe8c88,,true,,4,10.17632/cchsk79jkt.1,LeFood-Set v1,CC BY 4.0
1.0,lefood-0201,199,Ikan Acar Kuning,007,leftover dataset/data_before/007/007_274_DSC_0155_bef.JPG,leftover dataset/data_after/007/007_274_DSC_0209_aft.JPG,36,0,0,7,569,422,533,402,72b2b96f22c81fee899bd061e1d9f3143dcb93a05612b0f51dc4078941af0ccc,e9180585b59461177dafa2ef4d357b313e596bd744649f1c770517667010b07f,,true,,4,10.17632/cchsk79jkt.1,LeFood-Set v1,CC BY 4.0
1.0,lefood-0202,200,Ikan Acar Kuning,007,leftover dataset/data_before/007/007_275_DSC_0148_bef.JPG,leftover dataset/data_after/007/007_275_DSC_0197_aft.JPG,62,0,0,7,571,431,523,394,2ea19647eec006b706a6d7c035d832ebce1a7036a8fd896a8d2a04c12b7b46a7,070115cd7888616bf94a51239bdb3af92df8dc9181cbcb5ade6d4c89eaaf07aa,,true,,4,10.17632/cchsk79jkt.1,LeFood-Set v1,CC BY 4.0
1.0,lefood-0203,201,Bali Putih Telur,008,leftover dataset/data_before/008/008_179_DSC_0271_bef.JPG,leftover dataset/data_after/008/008_179_DSC_0329_aft.JPG,22,3,0.13636363636363635,6,499,371,497,363,fe52ab1dde1a74d1fcfab9bb16ffd7fff2e53def63dc61e69d4ed53367410872,fe2fe1b0e81f77be94f0ae152a17b5419d4186deaa1fffcb0d8564294793c8d0,,true,,1,10.17632/cchsk79jkt.1,LeFood-Set v1,CC BY 4.0
1.0,lefood-0204,202,Bali Putih Telur,008,leftover dataset/data_before/008/008_180_DSC_0275_bef.JPG,leftover dataset/data_after/008/008_180_DSC_0323_aft.JPG,51,3,0.058823529411764705,6,499,372,503,375,7f5a8495c91b0a97335e5a372924c9af9642a5e9a6cb6bd329f09d1f97a79f3e,df045ebdf57fce82f86f895f587c49aa82e1ef2b4b4ea25ce010817d1c3e91a4,,true,,1,10.17632/cchsk79jkt.1,LeFood-Set v1,CC BY 4.0
1.0,lefood-0205,203,Bali Putih Telur,008,leftover dataset/data_before/008/008_182_DSC_0273_bef.JPG,leftover dataset/data_after/008/008_182_DSC_0304_aft.JPG,41,36,0.87804878048780488,4,494,365,464,343,c33af9e6a80ca5255f1206006a65e23e1934d210130c4c48363bc67bcff467c3,054c109eaabf87bfc3671e2da1323425f9d2949a013f5956e4e2967740fcad42,,true,,1,10.17632/cchsk79jkt.1,LeFood-Set v1,CC BY 4.0
1.0,lefood-0206,204,Bali Putih Telur,008,leftover dataset/data_before/008/008_183_DSC_0277_bef.JPG,leftover dataset/data_after/008/008_183_DSC_0302_aft.JPG,44,1,0.022727272727272728,7,498,372,465,346,1ae3cf07644cd70c8859bed2eb9f6553b1c52aa871c49858203c14cbd9219a3d,b88fe2e79bf492c50cdbd573c0a1ce57849a6597f08f2eaebbb845bbe0ad1c41,,true,,1,10.17632/cchsk79jkt.1,LeFood-Set v1,CC BY 4.0
1.0,lefood-0207,205,Bali Telur,009,leftover dataset/data_before/009/009_181_DSC_0282_bef.JPG,leftover dataset/data_after/009/009_181_DSC_0340_aft.JPG,55,0,0,7,545,413,500,360,8bb0cf428e82e4965b89c6ef8ceb165b11e6fca0381269cb3099b1a7e60cf4de,a355dd2c20869380fc49848fcf02e67bd2bf032cbf07cea95d1e5c1e0e06d745,dup-84e0fa596bc4,true,,2,10.17632/cchsk79jkt.1,LeFood-Set v1,CC BY 4.0
1.0,lefood-0208,206,Bali Telur,009,leftover dataset/data_before/009/009_184_DSC_0284_bef.JPG,leftover dataset/data_after/009/009_184_DSC_0318_aft.JPG,57,57,1,1,545,417,506,376,5519dca679a90fe10927a3e705fa47e332dd86d2cdc90a051cb9d1b9fbad0040,c335f2890c1af795e87100313b633fe91860e872e6919a80e40be281304a505c,,true,,2,10.17632/cchsk79jkt.1,LeFood-Set v1,CC BY 4.0
1.0,lefood-0209,207,Bali Telur,009,leftover dataset/data_before/009/009_234_DSC_0827_bef.JPG,leftover dataset/data_after/009/009_234_DSC_0881_aft.JPG,52,0,0,7,470,351,457,335,bc7a232fdd462790d94bab032d2d7e5a108663d0f70a699f43a27837eea02daf,0f8fad93fcab4a3545b0960a8c8f2d99e6beefaac1b667c6f61129ba60f9f7ec,,true,,2,10.17632/cchsk79jkt.1,LeFood-Set v1,CC BY 4.0
1.0,lefood-0210,208,Bali Telur,009,leftover dataset/data_before/009/009_235_DSC_0864_bef.JPG,leftover dataset/data_after/009/009_235_DSC_0911_aft.JPG,59,0,0,7,507,374,502,372,e978550b1beea8028a6abb20865c6a22d0990e519eb637a2e755ac582bae635c,765675d2b7f038a3810de918969504d8cbf12b362a59e25351a05674b36ec5a6,dup-3b1522964d95,true,,2,10.17632/cchsk79jkt.1,LeFood-Set v1,CC BY 4.0
1.0,lefood-0211,209,Bali Telur,009,leftover dataset/data_before/009/009_236_DSC_0865_bef.JPG,leftover dataset/data_after/009/009_236_DSC_0914_aft.JPG,51,0,0,7,507,374,510,381,fdc2da73657d863c8acd901f5bef238880566833e5794ac67e797a626ace2eb0,708558f042d8783c8be0ff3cb642d3fc1fe54fff8739b2245e7002077bc4d6ea,dup-3b1522964d95,true,,2,10.17632/cchsk79jkt.1,LeFood-Set v1,CC BY 4.0
1.0,lefood-0212,210,Bali Telur,009,leftover dataset/data_before/009/009_237_DSC_0840_bef.JPG,leftover dataset/data_after/009/009_237_DSC_0876_aft.JPG,61,15,0.24590163934426229,4,513,381,513,384,877393f9fa2473824775256e643fbb423b572fdf8c8cdca21069199d6688f02e,5d228e582ec8abd1391e77f8b582915471fc527d69549ef75fc9a14443f53d49,,true,,2,10.17632/cchsk79jkt.1,LeFood-Set v1,CC BY 4.0
1.0,lefood-0213,211,Bali Telur,009,leftover dataset/data_before/009/009_238_DSC_0835_bef.JPG,leftover dataset/data_after/009/009_238_DSC_0871_aft.JPG,51,0,0,7,516,384,504,376,11c167bf70dd0f2f5fafb24ec34e6f4ef0d448aaa09ce8d595033310dff6c8f1,4a957767bb15b7676157bf76fc1def45abce5b86c3b9445e4f951f93a4aea2f7,,true,,2,10.17632/cchsk79jkt.1,LeFood-Set v1,CC BY 4.0
1.0,lefood-0214,212,Bali Telur,009,leftover dataset/data_before/009/009_239_DSC_0837_bef.JPG,leftover dataset/data_after/009/009_239_DSC_0868_aft.JPG,58,0,0,7,511,379,503,376,06852d77a6d779b24f02687d739d10aef0a5649438ff9e4a999b71a7a4ccb744,150fabeace4b2c4eb73ee70479108d1fb747a1c7141a5dd33623827b1fafed10,,true,,2,10.17632/cchsk79jkt.1,LeFood-Set v1,CC BY 4.0
1.0,lefood-0215,213,Bali Telur,009,leftover dataset/data_before/009/009_240_DSC_0829_bef.JPG,leftover dataset/data_after/009/009_240_DSC_0904_aft.JPG,54,54,1,1,476,356,470,350,ae4ed49c192358c90588ccda31f89bd699fb0f6a8b8087dd67dd3aef5277473d,f5bb86e7c572efac79062dac956866d777ff4bcab8ef4c81ea5261f8c87c9ecb,,true,,2,10.17632/cchsk79jkt.1,LeFood-Set v1,CC BY 4.0
1.0,lefood-0216,214,Bali Telur,009,leftover dataset/data_before/009/009_241_DSC_0845_bef.JPG,leftover dataset/data_after/009/009_241_DSC_0886_aft.JPG,64,0,0,7,474,352,460,336,6cc161bc9e7768ff9d61c17071960e1864d859dd91f8faad1210a91b0b03e97c,181901aa7991f0325e3a8c4aad2121e79971c5c02ea31dec78868e46c0dcf200,,true,,2,10.17632/cchsk79jkt.1,LeFood-Set v1,CC BY 4.0
1.0,lefood-0217,215,Bali Telur,009,leftover dataset/data_before/009/009_242_DSC_0849_bef.JPG,leftover dataset/data_after/009/009_242_DSC_0893_aft.JPG,57,23,0.40350877192982454,4,444,335,435,327,27a0b6149e9caae1c10be884411df50b49414dfe0efc29950cd11e8e5ed7cb5a,16a83e7935201c9d2c9205dc2a2e5c7b52ca218e3a7dbd3ae5cfcd224a7197bf,,true,,2,10.17632/cchsk79jkt.1,LeFood-Set v1,CC BY 4.0
1.0,lefood-0218,216,Bali Telur,009,leftover dataset/data_before/009/009_243_DSC_0852_bef.JPG,leftover dataset/data_after/009/009_243_DSC_0895_aft.JPG,52,7,0.13461538461538461,6,435,328,426,315,78cdd6271ee7f4bf40ea838afa07f0d1073bf9fea3e2a839297af3a0c49d3279,697dc086aae04ba1e2f7da6d5e385721c55aa13d1b4fc0216fc0997aae9202f8,,true,,2,10.17632/cchsk79jkt.1,LeFood-Set v1,CC BY 4.0
1.0,lefood-0219,217,Bali Telur,009,leftover dataset/data_before/009/009_276_DSC_0223_bef.JPG,leftover dataset/data_after/009/009_276_DSC_0275_aft.JPG,57,53,0.92982456140350878,1,526,391,533,401,048c60dabb35abb2ef6c352e6d9a94a4954be29bb87cfb3725193c3985619c49,cbd77dd5f9de2a1a4a047ee429584b76e3d0fdd8646d40d1e8129d21b5402c0c,,true,,2,10.17632/cchsk79jkt.1,LeFood-Set v1,CC BY 4.0
1.0,lefood-0220,218,Bali Telur,009,leftover dataset/data_before/009/009_277_DSC_0250_bef.JPG,leftover dataset/data_after/009/009_277_DSC_0303_aft.JPG,53,0,0,7,528,394,532,401,1e89350fb8769469d88bf571ac794b9147e150c04ff9c4a184c1fc10b9ea0455,1ae2f324012dfa2933f6a161d037f2af4773e56f0fc7e576d5135fae8eb966eb,,true,,2,10.17632/cchsk79jkt.1,LeFood-Set v1,CC BY 4.0
1.0,lefood-0221,219,Bali Telur,009,leftover dataset/data_before/009/009_278_DSC_0253_bef.JPG,leftover dataset/data_after/009/009_278_DSC_0307_aft.JPG,53,0,0,7,528,393,529,398,389a3d63dd4b99582236373b9d4c20ee2808a162851702f72ce53e257cfdfaa7,21f9744a1270df1896a4b8a3236438e3f6c8825d664c326c47bbb1d35f694524,,true,,2,10.17632/cchsk79jkt.1,LeFood-Set v1,CC BY 4.0
1.0,lefood-0222,220,Bali Telur,009,leftover dataset/data_before/009/009_279_DSC_0260_bef.JPG,leftover dataset/data_after/009/009_279_DSC_0269_aft.JPG,59,0,0,7,481,359,489,368,0f0875e34960371c17de0e4cf6589459be29f11d6bd629d029cfab533e02606b,91c04314857f09b27e02a022a389974548e7207de79e54204ad38f86dd78913b,,true,,2,10.17632/cchsk79jkt.1,LeFood-Set v1,CC BY 4.0
1.0,lefood-0223,221,Bali Telur,009,leftover dataset/data_before/009/009_280_DSC_0226_bef.JPG,leftover dataset/data_after/009/009_280_DSC_0278_aft.JPG,60,0,0,7,528,391,530,393,f095ca73cd78eee4f1e851e008055056243dcd611ca3253d51215f59a6c5d3b4,f291eefb8766f90889c7ab0b322a1c569d30839ed803aa67c9819c800d5ecd62,dup-faf29cbb02fd,true,,2,10.17632/cchsk79jkt.1,LeFood-Set v1,CC BY 4.0
1.0,lefood-0224,222,Bali Telur,009,leftover dataset/data_before/009/009_281_DSC_0236_bef.JPG,leftover dataset/data_after/009/009_281_DSC_0291_aft.JPG,51,0,0,7,531,394,536,402,5122d149d8b807aa0a800530f7b6bb42661c7dc912c6bee788e54bcae577992f,6e596dfb66bcfe7fd0c7141a3d2a3d350565c6131cc4bb2d7f2550c9233e52b0,,true,,2,10.17632/cchsk79jkt.1,LeFood-Set v1,CC BY 4.0
1.0,lefood-0225,223,Bali Telur,009,leftover dataset/data_before/009/009_282_DSC_0231_bef.JPG,leftover dataset/data_after/009/009_282_DSC_0297_aft.JPG,59,0,0,7,533,400,538,406,73fc6b11ae250ab5a2eca8e70ad9e24d64c8558abb7e920521f86a3f0cb3f739,c19d739e038c4c24f111a589421b48461ea2a2020def9192e28659bfa60a7ce2,,true,,2,10.17632/cchsk79jkt.1,LeFood-Set v1,CC BY 4.0
1.0,lefood-0226,224,Bali Telur,009,leftover dataset/data_before/009/009_283_DSC_0240_bef.JPG,leftover dataset/data_after/009/009_283_DSC_0283_aft.JPG,56,56,1,1,529,394,529,391,4f80732093d53470be408c6ed0767cb34a70642e9ef5118ac84469b4a7ff364d,0870947f94762e976c88f92f914a964a910091551452aa783f67575edfb2493c,,true,,2,10.17632/cchsk79jkt.1,LeFood-Set v1,CC BY 4.0
1.0,lefood-0227,225,Bali Telur,009,leftover dataset/data_before/009/009_284_DSC_0258_bef.JPG,leftover dataset/data_after/009/009_284_DSC_0265_aft.JPG,59,58,0.98305084745762716,1,487,364,482,357,4b0dc6d87548fb0368701115f220aea5dbc41989e052fb3fc073f457a902c242,4251ae4bc36a7f1ca0cf59011f600abf85b0512c02eaa8e235789a1223407339,,true,,2,10.17632/cchsk79jkt.1,LeFood-Set v1,CC BY 4.0
1.0,lefood-0228,226,Ayam Bumbu Srundeng,010,leftover dataset/data_before/010/010_185_DSC_0370_bef.JPG,leftover dataset/data_after/010/010_185_DSC_0423_aft.JPG,68,39,0.57352941176470584,4,567,430,563,416,7c161681b8d98e04dd07ab93834cbb8d34e33c7e9e7863943137a23c2e20c678,06b1e2ccdf6d79332147b8e80af9ef2bc0c0f41d6335a79972ae21d9479dff82,,true,,1,10.17632/cchsk79jkt.1,LeFood-Set v1,CC BY 4.0
1.0,lefood-0229,227,Ayam Bumbu Srundeng,010,leftover dataset/data_before/010/010_186_DSC_0373_bef.JPG,leftover dataset/data_after/010/010_186_DSC_0414_aft.JPG,64,30,0.46875,5,558,422,557,410,2bc2e0f8d11fd820a0b73177e9cf9e1d8bd274938570cdd5ae32d9f0e6296804,91cf16e5fd9c8f6f336846ebaeb86ba89b74d81de8caae379335c87d80da5fd3,,true,,1,10.17632/cchsk79jkt.1,LeFood-Set v1,CC BY 4.0
1.0,lefood-0230,228,Ayam Bumbu Srundeng,010,leftover dataset/data_before/010/010_187_DSC_0355_bef.JPG,leftover dataset/data_after/010/010_187_DSC_0388_aft.JPG,57,55,0.96491228070175439,1,559,414,571,428,45789ecb6488333f162a4f75c41927c5a232391d9fac191531222b2392465dba,03bc1c967ea849a65915140efb26ac8a96d37807e9b2d2f044e2770042667fa2,,true,,1,10.17632/cchsk79jkt.1,LeFood-Set v1,CC BY 4.0
1.0,lefood-0231,229,Ayam Bumbu Srundeng,010,leftover dataset/data_before/010/010_188_DSC_0353_bef.JPG,leftover dataset/data_after/010/010_188_DSC_0417_aft.JPG,47,0,0,7,557,413,568,421,6b917e0ec3444b09984c5724dc1e831d0fff0e75fe34a53ed98e78f63de41b70,3537b14fbbb6206e1cce2b7eaf2ed312b4ae9930f0730939d9c1ac40c66da271,,true,,1,10.17632/cchsk79jkt.1,LeFood-Set v1,CC BY 4.0
1.0,lefood-0232,230,Ayam Bumbu Srundeng,010,leftover dataset/data_before/010/010_189_DSC_0357_bef.JPG,leftover dataset/data_after/010/010_189_DSC_0394_aft.JPG,58,57,0.98275862068965514,1,565,422,575,433,f5603dffa892aeafdbd808218d458da402f0b1655e25b34074b6e60a2d5c3bdc,2afe4a669d0d190cbc364cc31f19c689805ffeafeb2462d86a85007456518504,,true,,1,10.17632/cchsk79jkt.1,LeFood-Set v1,CC BY 4.0
1.0,lefood-0233,231,Ayam Bumbu Srundeng,010,leftover dataset/data_before/010/010_190_DSC_0367_bef.JPG,leftover dataset/data_after/010/010_190_DSC_0408_aft.JPG,68,0,0,7,560,417,569,425,8fdae0e49c5bea8fa7b57a87f2b11302e165204cd56bc14d05e1e6261bc167c4,7c1faf1e3efe671af2e1f64bf20641f541e3732d32b8998b020de04de69cfc96,,true,,1,10.17632/cchsk79jkt.1,LeFood-Set v1,CC BY 4.0
1.0,lefood-0234,232,Ayam Bumbu Srundeng,010,leftover dataset/data_before/010/010_191_DSC_0363_bef.JPG,leftover dataset/data_after/010/010_191_DSC_0404_aft.JPG,87,16,0.18390804597701149,6,553,407,571,430,69963e4e6e78dde7434b1795a3ac0ec826bb10b3579ed56db53ecadf7f367875,61fe62cb7b45200348ea5d1083fec70b6279a375a32ae5f902c95a8fb9c07557,,true,,1,10.17632/cchsk79jkt.1,LeFood-Set v1,CC BY 4.0
1.0,lefood-0235,233,Ayam Bumbu Srundeng,010,leftover dataset/data_before/010/010_192_DSC_0359_bef.JPG,leftover dataset/data_after/010/010_192_DSC_0397_aft.JPG,52,0,0,7,559,418,566,422,fb2f367d8c85cae93bc05b581517e01b6223bf1c58439ae0e0c3822d172e577e,7b1cd9cca938d67826053830c9874fc1b5875aa4d4b46c0a67180574b5dbd412,,true,,1,10.17632/cchsk79jkt.1,LeFood-Set v1,CC BY 4.0
1.0,lefood-0236,234,Ayam Bumbu Srundeng,010,leftover dataset/data_before/010/010_193_DSC_0361_bef.JPG,leftover dataset/data_after/010/010_193_DSC_0385_aft.JPG,44,42,0.95454545454545459,1,570,433,570,429,b6f0445c24c4589be21e69b5a14302278286f04215d1364dabcd2983f3aec0c9,17dfb122eb76099b73bee7603205bd4921adee48010305cc15577f44ace200d2,,true,,1,10.17632/cchsk79jkt.1,LeFood-Set v1,CC BY 4.0
1.0,lefood-0237,235,Rendang ayam,011,leftover dataset/data_before/011/011_194_DSC_0452_bef.JPG,leftover dataset/data_after/011/011_194_DSC_0511_aft.JPG,62,0,0,7,503,378,522,392,8faf4e8835435df35e0f0649abccbcb87cdb4bf955d883e58c006ab8ab14cc11,add9ff45f81126ac214bbbea91dad8120951e8cfcb3d5709eac1f9b3faeb9112,,true,,2,10.17632/cchsk79jkt.1,LeFood-Set v1,CC BY 4.0
1.0,lefood-0238,236,Rendang ayam,011,leftover dataset/data_before/011/011_195_DSC_0458_bef.JPG,leftover dataset/data_after/011/011_195_DSC_0506_aft.JPG,66,66,1,1,505,379,519,389,f53ca848c7c4cbefdf169d87091e7dc8adf5efb211eb9c4e542aba18e06c248c,73d385814a4a0c68bb2972942b95dd97a192cc86870b2174edd420857789b762,,true,,2,10.17632/cchsk79jkt.1,LeFood-Set v1,CC BY 4.0
1.0,lefood-0239,237,Rendang ayam,011,leftover dataset/data_before/011/011_196_DSC_0445_bef.JPG,leftover dataset/data_after/011/011_196_DSC_0475_aft.JPG,53,23,0.43396226415094341,6,500,377,515,385,242cdb631da743bd89bfb9126ea15a9caaf98308cda8b04aad3dca4a71aaa472,cf3e6cf43b4299dc15673adb13c9b2d049c9c2c94e83ee764ca1114a9517ea28,,true,,2,10.17632/cchsk79jkt.1,LeFood-Set v1,CC BY 4.0
1.0,lefood-0240,238,Rendang ayam,011,leftover dataset/data_before/011/011_197_DSC_0441_bef.JPG,leftover dataset/data_after/011/011_197_DSC_0480_aft.JPG,69,0,0,7,498,371,500,361,a8714a85776e2ef4e092cc3dae051340f2d79c6ae05fd01cae1026479e455e49,f5f97a8e26d2973845a582d63e12f75baa746f2cc9b8d82ffd42689be2bc6791,,true,,2,10.17632/cchsk79jkt.1,LeFood-Set v1,CC BY 4.0
1.0,lefood-0241,239,Rendang ayam,011,leftover dataset/data_before/011/011_198_DSC_0444_bef.JPG,leftover dataset/data_after/011/011_198_DSC_0473_aft.JPG,46,0,0,7,500,378,519,386,2888ded4303e2bb6df1f46162c47159b77146d5f242bcbda25520baf18c69f20,cc276804ad0c03ada443c20f408a51006ec5a2b0f5ea02b0bbe6e1100dafe7e8,,true,,2,10.17632/cchsk79jkt.1,LeFood-Set v1,CC BY 4.0
1.0,lefood-0242,240,Rendang ayam,011,leftover dataset/data_before/011/011_199_DSC_0460_bef.JPG,leftover dataset/data_after/011/011_199_DSC_0497_aft.JPG,38,0,0,7,508,384,519,386,b5f66fb499ffda4e36f9cec945498180e9f1879c42bcc83ae2d1a452d25209a2,b03a3e915ebb196356b20ab98b2680e7fb75c96fa7ecf6ae88c12f3772f9349c,,true,,2,10.17632/cchsk79jkt.1,LeFood-Set v1,CC BY 4.0
1.0,lefood-0243,241,Rendang ayam,011,leftover dataset/data_before/011/011_200_DSC_0463_bef.JPG,leftover dataset/data_after/011/011_200_DSC_0500_aft.JPG,86,24,0.27906976744186046,7,503,377,475,353,1de7d4ee1a43a20f0b5632ff67d911dad25b3ae1957511a594d054dc0bb36d2f,5cdd0ca07ecba4032587527975879700c70e3c38139bbb5c49de1014c868ee77,,true,,2,10.17632/cchsk79jkt.1,LeFood-Set v1,CC BY 4.0
1.0,lefood-0244,242,Rendang ayam,011,leftover dataset/data_before/011/011_201_DSC_0438_bef.JPG,leftover dataset/data_after/011/011_201_DSC_0487_aft.JPG,65,31,0.47692307692307695,6,468,350,482,361,eae5d96c9b6f2f5e15f3e861af51bc37c5c65e45b8908f6f2c666eb82d7b39cc,7bf323eb3370deea714255109c5fafb8cd99b3c13cd922da16340d53a7ea81ab,,true,,2,10.17632/cchsk79jkt.1,LeFood-Set v1,CC BY 4.0
1.0,lefood-0245,243,Rendang ayam,011,leftover dataset/data_before/011/011_202_DSC_0436_bef.JPG,leftover dataset/data_after/011/011_202_DSC_0490_aft.JPG,53,39,0.73584905660377353,3,454,335,476,358,d15bd8c2540f880c9f98e0eff476be07428dee55ac93f2846cf41978edea29f5,3a077ba3ecc04a8927b53ad28066d63dfa95ae1ea14e46ee9828c6af98c1bc77,,true,,2,10.17632/cchsk79jkt.1,LeFood-Set v1,CC BY 4.0
1.0,lefood-0246,244,Rendang ayam,011,leftover dataset/data_before/011/011_285_DSC_0354_bef.JPG,leftover dataset/data_after/011/011_285_DSC_0394_aft.JPG,69,68,0.98550724637681164,1,541,392,556,424,1610de9c9164a5be66e5a83598947db270e2b1cb4a753de38e52e68f6f0b453d,7ee475bc301c773c91b90d10c0299026b4a3918842334724b7805596ef0cc7e0,,true,,2,10.17632/cchsk79jkt.1,LeFood-Set v1,CC BY 4.0
1.0,lefood-0247,245,Rendang ayam,011,leftover dataset/data_before/011/011_286_DSC_0353_bef.JPG,leftover dataset/data_after/011/011_286_DSC_0388_aft.JPG,63,63,1,1,546,409,561,431,a65fdc25dafe06bbe831e73150861fb6665ad6c5ae734954e990d883e3f06277,6aa7c1ae27390bef3bc524831ce91532900f332547081b048d081f7c6bf1d5c7,,true,,2,10.17632/cchsk79jkt.1,LeFood-Set v1,CC BY 4.0
1.0,lefood-0248,246,Rendang ayam,011,leftover dataset/data_before/011/011_287_DSC_0352_bef.JPG,leftover dataset/data_after/011/011_287_DSC_0392_aft.JPG,44,31,0.70454545454545459,2,548,407,560,429,b09e5356f1300071a7f22f63ff78cbbc532d4d7494243c014972985d0a6b231c,5e3d024eb322c4722a75b4c0bf6d320143ffb2ecbed3d81de1d286381f2f9a80,,true,,2,10.17632/cchsk79jkt.1,LeFood-Set v1,CC BY 4.0
1.0,lefood-0249,247,Rendang ayam,011,leftover dataset/data_before/011/011_288_DSC_0335_bef.JPG,leftover dataset/data_after/011/011_288_DSC_0370_aft.JPG,40,23,0.57499999999999996,6,551,409,558,424,f37977926ad3fcacd739e0bc453a09ac20b98e6d2225bdab48a41035ff69a06d,718d74e20d5b44f7507417b025acd765d439427386d81a867e2081bd5358905b,,true,,2,10.17632/cchsk79jkt.1,LeFood-Set v1,CC BY 4.0
1.0,lefood-0250,248,Rendang ayam,011,leftover dataset/data_before/011/011_289_DSC_0337_bef.JPG,leftover dataset/data_after/011/011_289_DSC_0374_aft.JPG,38,29,0.76315789473684215,3,546,406,560,427,a512f5f43de92e3b38cf2583e18a3ab4487e78d1265160681b583d9ffbc7fd8e,8f53edab5dc560004714ef07923b5c3bd522f7c16580d20616ef7ffb5d1ac004,,true,,2,10.17632/cchsk79jkt.1,LeFood-Set v1,CC BY 4.0
1.0,lefood-0251,249,Rendang ayam,011,leftover dataset/data_before/011/011_290_DSC_0325_bef.JPG,leftover dataset/data_after/011/011_290_DSC_0360_aft.JPG,49,13,0.26530612244897961,7,510,382,518,399,e4551eb13765a552f06357d4f4dec2601cc0702bc6dd7b46d5446ac390d96720,30e7710af63c5807b7aa0b094ecf781b987c10ea2094cc4dd633b07e35ab3ec8,,true,,2,10.17632/cchsk79jkt.1,LeFood-Set v1,CC BY 4.0
1.0,lefood-0252,250,Rendang ayam,011,leftover dataset/data_before/011/011_291_DSC_0317_bef.JPG,leftover dataset/data_after/011/011_291_DSC_0399_aft.JPG,45,24,0.53333333333333333,6,552,414,518,394,d8a81dd901b48501b03d3b9bab43b1b5fe01b9a9bdf577b62ad10190b7e22f61,f80bf526490c33de206d878904298f3b9f2ab60d5f3980f8f1be3efdd50b153d,,true,,2,10.17632/cchsk79jkt.1,LeFood-Set v1,CC BY 4.0
1.0,lefood-0253,251,Rendang ayam,011,leftover dataset/data_before/011/011_292_DSC_0331_bef.JPG,leftover dataset/data_after/011/011_292_DSC_0363_aft.JPG,43,24,0.55813953488372092,5,541,407,505,381,9ec7f35274ea1bc356920620cb2647d6c9872bb47a7960370a5b379df4968c3f,1081cd90e8531add50d7e7825a549ff0dd8375ef9f20826bcefad2344b6ebe2e,,true,,2,10.17632/cchsk79jkt.1,LeFood-Set v1,CC BY 4.0
1.0,lefood-0254,252,Rendang ayam,011,leftover dataset/data_before/011/011_293_DSC_0329_bef.JPG,leftover dataset/data_after/011/011_293_DSC_0379_aft.JPG,50,0,0,7,498,367,502,380,03ac3a3f575abf7e2c2f974602c4833f1e95a247bd7a5f972b4163a0dd007b73,f48038a26de8d850f8dee261255ad6566f431f1f95330ca2b1ce89f1d369f9b8,,true,,2,10.17632/cchsk79jkt.1,LeFood-Set v1,CC BY 4.0
1.0,lefood-0255,253,Ayam bumbu laos,012,leftover dataset/data_before/012/012_204_DSC_0554_bef.JPG,leftover dataset/data_after/012/012_204_DSC_0582_aft.JPG,52,48,0.92307692307692313,2,526,400,537,401,af2fd1fa529e52e2d7fda9bcd751669e5643d0ca0b9181fd41c52b87207859af,d68cc30dc66717c09c323aabe6fb812ae5e9282c12e5ccc25b940ae537459d49,,true,,2,10.17632/cchsk79jkt.1,LeFood-Set v1,CC BY 4.0
1.0,lefood-0256,254,Ayam bumbu laos,012,leftover dataset/data_before/012/012_205_DSC_0558_bef.JPG,leftover dataset/data_after/012/012_205_DSC_0575_aft.JPG,59,18,0.30508474576271188,6,515,382,541,408,4dcbf20b9d8253272ae8b248246e0c861d16d150231cafc2a8347f614d5b6a74,288c2f49face193417f84342b7887c33e96c37f5578fa3085df77f43626d9b41,,true,,2,10.17632/cchsk79jkt.1,LeFood-Set v1,CC BY 4.0
1.0,lefood-0258,255,Ayam bumbu laos,012,leftover dataset/data_before/012/012_207_DSC_0544_bef.JPG,leftover dataset/data_after/012/012_207_DSC_0587_aft.JPG,59,59,1,1,515,385,534,397,07554c7bc8273db012b556e31f06803f05822142df3ab2c2445679bc50ef77e2,083272f4e7b19f7e62cb00390fefc1769fae056de805dea60a287724f14b4944,,true,,2,10.17632/cchsk79jkt.1,LeFood-Set v1,CC BY 4.0
1.0,lefood-0259,256,Ayam bumbu laos,012,leftover dataset/data_before/012/012_208_DSC_0540_bef.JPG,leftover dataset/data_after/012/012_208_DSC_0594_aft.JPG,46,0,0,7,514,386,537,404,279c5c92e79586cbc8685d91d82e1546b25f35ad765631b91330b4f73f44617e,96368ab45914d178cbb4eaf2838f731e7444878cfb9df034e96815f80a9f63c4,,true,,2,10.17632/cchsk79jkt.1,LeFood-Set v1,CC BY 4.0
1.0,lefood-0260,257,Ayam bumbu laos,012,leftover dataset/data_before/012/012_209_DSC_0526_bef.JPG,leftover dataset/data_after/012/012_209_DSC_0530_aft.JPG,56,56,1,1,514,382,515,389,094212b8b55c15ad76ef66ddfab462bdda1e8bbcbdc74f1d015e8fb8f1019e7f,a070e20c2466fa526a43a11e4ce1b191a89dbf137c7dd00e4e37f32b46bc601e,,true,,2,10.17632/cchsk79jkt.1,LeFood-Set v1,CC BY 4.0
1.0,lefood-0261,258,Ayam bumbu laos,012,leftover dataset/data_before/012/012_210_DSC_0528_bef.JPG,leftover dataset/data_after/012/012_210_DSC_0534_aft.JPG,59,59,1,1,516,387,517,388,823f935ad19d5e891341368147c7bfd2cc31e6fdc014abb14da476d37ffeb4ce,e2c2294e40d73410ed0376f0e3c164d6d9b93143ef754a7f2a914f0474f8598f,,true,,2,10.17632/cchsk79jkt.1,LeFood-Set v1,CC BY 4.0
1.0,lefood-0262,259,Ayam bumbu laos,012,leftover dataset/data_before/012/012_294_DSC_0408_bef.JPG,leftover dataset/data_after/012/012_294_DSC_0485_aft.JPG,49,20,0.40816326530612246,7,531,398,523,388,ab3c1a7c35b5ed2cba49c0a04fe661b3b7fe5b4a5bda867dee06576329fff439,7e8a0b759ac78e1a3f667865a8b229f17572c2167082ad2e5880d5237539f271,,true,,2,10.17632/cchsk79jkt.1,LeFood-Set v1,CC BY 4.0
1.0,lefood-0263,260,Ayam bumbu laos,012,leftover dataset/data_before/012/012_295_DSC_0406_bef.JPG,leftover dataset/data_after/012/012_295_DSC_0483_aft.JPG,37,18,0.48648648648648651,5,531,397,529,394,80c058a7223f6487f74fc7f3cb3dc34c466c8b36e93a9a3cd5592caa8c80bba0,430693ca4428445e533f827cf2ed3149339856768692dcbc3f72cccf7985db70,,true,,2,10.17632/cchsk79jkt.1,LeFood-Set v1,CC BY 4.0
1.0,lefood-0264,261,Ayam bumbu laos,012,leftover dataset/data_before/012/012_296_DSC_0404_bef.JPG,leftover dataset/data_after/012/012_296_DSC_0480_aft.JPG,41,37,0.90243902439024393,3,531,398,531,396,12d0a4cef80703249454cef3d85206156ff2ee076128cbd71a0a9f59e295878b,59b74f870c3577317e8867c575f1482547773aa9d6f4d5f2429d22d64361d50a,,true,,2,10.17632/cchsk79jkt.1,LeFood-Set v1,CC BY 4.0
1.0,lefood-0265,262,Ayam bumbu laos,012,leftover dataset/data_before/012/012_297_DSC_0410_bef.JPG,leftover dataset/data_after/012/012_297_DSC_0457_aft.JPG,39,0,0,7,531,396,531,399,67e760d5079c9712a5cbc7f7209b15b0470a9d3d29c8d4df7e9a48d574697400,4ea45b4e1525aa2a5200d72f6ee77e1cefa958ea43f06224b6e2f2087add3f52,,true,,2,10.17632/cchsk79jkt.1,LeFood-Set v1,CC BY 4.0
1.0,lefood-0266,263,Ayam bumbu laos,012,leftover dataset/data_before/012/012_298_DSC_0426_bef.JPG,leftover dataset/data_after/012/012_298_DSC_0492_aft.JPG,60,54,0.90000000000000002,1,508,382,528,394,c7cc0d2498a6ed36831f4712da4b645c43dafa442cdbaec6062a2dfa119a735f,7ff15a664b42a2cd6fd226b1c7091caffa6a1c7d166091994232599371595646,,true,,2,10.17632/cchsk79jkt.1,LeFood-Set v1,CC BY 4.0
1.0,lefood-0267,264,Ayam bumbu laos,012,leftover dataset/data_before/012/012_299_DSC_0430_bef.JPG,leftover dataset/data_after/012/012_299_DSC_0498_aft.JPG,54,31,0.57407407407407407,6,498,369,528,394,1c48052b3249fa4f8e89580e23600108345fa9d399a5d8abf8b2966ab734d1ce,5fadc8f0bbe7cf49568eba8e7ac390d0b72ffc410a81f98a62c9b24b860c5c85,,true,,2,10.17632/cchsk79jkt.1,LeFood-Set v1,CC BY 4.0
1.0,lefood-0268,265,Ayam bumbu laos,012,leftover dataset/data_before/012/012_300_DSC_0440_bef.JPG,leftover dataset/data_after/012/012_300_DSC_0470_aft.JPG,57,46,0.80701754385964908,1,498,364,529,394,4b368db8a2ed7c0fd6f0cb3cb2a517ce9f70bdd846337ef2cb521c71b28ce296,acd15c7d6ce9fff1a6565a7cdcb6f344e900ea39543bded57c341f98bd2db5f5,,true,,2,10.17632/cchsk79jkt.1,LeFood-Set v1,CC BY 4.0
1.0,lefood-0269,266,Ayam bumbu laos,012,leftover dataset/data_before/012/012_301_DSC_0442_bef.JPG,leftover dataset/data_after/012/012_301_DSC_0464_aft.JPG,65,54,0.83076923076923082,4,454,334,490,371,d10d2a3dd8fb9c3ba84927fd26a6c43941df83f09ec334ae6af5a7a602171cb0,3b51ac87c43d0cab21c2332aeee0ef1a88e642d83b9e9357b6739d799b9e639c,,true,,2,10.17632/cchsk79jkt.1,LeFood-Set v1,CC BY 4.0
1.0,lefood-0270,267,Ayam bumbu laos,012,leftover dataset/data_before/012/012_302_DSC_0448_bef.JPG,leftover dataset/data_after/012/012_302_DSC_0474_aft.JPG,58,58,1,1,504,374,530,394,5cae0099388451453cc4a3f1e51aba40291151cd62816c8995268e67795916f9,3e0d712ef6874ba80e5cc68ddc4d77b0d2255ded7ba2f828f7c51eeef885e910,,true,,2,10.17632/cchsk79jkt.1,LeFood-Set v1,CC BY 4.0
1.0,lefood-0271,268,Ayam bumbu laos,012,leftover dataset/data_before/012/012_303_DSC_0417_bef.JPG,leftover dataset/data_after/012/012_303_DSC_0460_aft.JPG,45,45,1,1,500,371,531,397,a9a93ba02b4a50a31c13dbe57d729c982df9cbb2b5374530b11caa4c8e84632a,e78714c42870b4a57397829bbfdb58119da441327abe913040406dfac2dc00d9,,true,,2,10.17632/cchsk79jkt.1,LeFood-Set v1,CC BY 4.0
1.0,lefood-0272,269,Ayam bumbu bistik,013,leftover dataset/data_before/013/013_211_DSC_0634_bef.JPG,leftover dataset/data_after/013/013_211_DSC_0688_aft.JPG,54,54,1,1,534,398,534,398,2f2f90b8bd2e3ad9f8919b12bd014fca7849193f47b668d44f58f847926a309f,e041190c737c3170ad243a32fc80133fa8718c8b8e662393412eff48da9a330a,,true,,3,10.17632/cchsk79jkt.1,LeFood-Set v1,CC BY 4.0
1.0,lefood-0273,270,Ayam bumbu bistik,013,leftover dataset/data_before/013/013_212_DSC_0604_bef.JPG,leftover dataset/data_after/013/013_212_DSC_0700_aft.JPG,42,41,0.97619047619047616,1,545,410,528,387,0b49351cc4cc17a675df7b9c424715ae6f05754bc2ca1660b0f9f54c1d58dc0b,31627ae34ba53e56383fd85b7e7232e4676482886bebbda2ce93fdfc2ec817c5,,true,,3,10.17632/cchsk79jkt.1,LeFood-Set v1,CC BY 4.0
1.0,lefood-0274,271,Ayam bumbu bistik,013,leftover dataset/data_before/013/013_213_DSC_0620_bef.JPG,leftover dataset/data_after/013/013_213_DSC_0658_aft.JPG,50,23,0.46000000000000002,6,534,398,540,402,21ab959da8710d6c92935aab5abe6aec5f9d9f642790e29bcbd08d2cb990f207,4d756b6563973d5a2d8f8c686a17342738e244a194ef0d6f281d0261be50b88c,,true,,3,10.17632/cchsk79jkt.1,LeFood-Set v1,CC BY 4.0
1.0,lefood-0275,272,Ayam bumbu bistik,013,leftover dataset/data_before/013/013_214_DSC_0617_bef.JPG,leftover dataset/data_after/013/013_214_DSC_0663_aft.JPG,54,0,0,7,541,408,537,400,f31027224a9d31e5313e8f7bbf736b0d85cfd52c4637645c78e1b0236202c3db,6bab94acbe501da8cfb097a0d3d6314d85c4c4bf7c8d2a2314e6816cc278f8af,,true,,3,10.17632/cchsk79jkt.1,LeFood-Set v1,CC BY 4.0
1.0,lefood-0276,273,Ayam bumbu bistik,013,leftover dataset/data_before/013/013_215_DSC_0625_bef.JPG,leftover dataset/data_after/013/013_215_DSC_0673_aft.JPG,67,37,0.55223880597014929,5,541,405,537,400,f790fefc30160f10300c99d19e4a33e206f876e8bca9f946981052ff7c195669,9b01c3a3eb95df3e7454a8fc680ed3bc93836f9502ac5ab578b3eb21b603cecf,,true,,3,10.17632/cchsk79jkt.1,LeFood-Set v1,CC BY 4.0
1.0,lefood-0277,274,Ayam bumbu bistik,013,leftover dataset/data_before/013/013_216_DSC_0608_bef.JPG,leftover dataset/data_after/013/013_216_DSC_0694_aft.JPG,54,21,0.3888888888888889,4,544,411,536,397,a3eb167967f98c2575a4d1e10eb20a545c61c4ef2913e92c3bece1e28a0c6ee7,b90a450884516e03765f5749686167e89585542e847f9c0ec987f8d658aec337,,true,,3,10.17632/cchsk79jkt.1,LeFood-Set v1,CC BY 4.0
1.0,lefood-0278,275,Ayam bumbu bistik,013,leftover dataset/data_before/013/013_217_DSC_0611_bef.JPG,leftover dataset/data_after/013/013_217_DSC_0698_aft.JPG,61,0,0,7,548,415,530,390,8f9aa0a955ce81ff6d39a063bbe20800107eac5b150e2e2822f2868f45190a5b,0a1a1175d12e1af19278d738a95e0d018a53dd39d05ea4880e95b428e54f771f,dup-c7a1ff728d7c,true,,3,10.17632/cchsk79jkt.1,LeFood-Set v1,CC BY 4.0
1.0,lefood-0279,276,Ayam bumbu bistik,013,leftover dataset/data_before/013/013_218_DSC_0601_bef.JPG,leftover dataset/data_after/013/013_218_DSC_0666_aft.JPG,68,23,0.33823529411764708,6,544,408,529,390,af279d2c56bc6bf87e404a52103c1191bc468267d0e8a761c99660f0d9fdd023,8215819788e290c3f5f0ef3d1ab7f3601e489a72e31182cd1e65a56d090d461f,,true,,3,10.17632/cchsk79jkt.1,LeFood-Set v1,CC BY 4.0
1.0,lefood-0280,277,Ayam bumbu bistik,013,leftover dataset/data_before/013/013_219_DSC_0624_bef.JPG,leftover dataset/data_after/013/013_219_DSC_0685_aft.JPG,57,7,0.12280701754385964,6,527,387,542,406,33ebe4bd43b2fd9d395717e942c03957147e7b1b907709065f2e01708a016c46,fe16ff4d05d4517e159fe001ef7ab7c859a5c36be3a61683be61fa4d68c8b623,,true,,3,10.17632/cchsk79jkt.1,LeFood-Set v1,CC BY 4.0
1.0,lefood-0281,278,Ayam bumbu bistik,013,leftover dataset/data_before/013/013_220_DSC_0627_bef.JPG,leftover dataset/data_after/013/013_220_DSC_0676_aft.JPG,52,34,0.65384615384615385,4,528,388,530,393,dadac07faae297b26a1295880e1ceeaf039115b6821eb8ac9aaa832c75af207c,36ccce2ee22942d7aa7a67c1d8ddf4bc823e6d965ef127d2aac63bb90d9b9c97,,true,,3,10.17632/cchsk79jkt.1,LeFood-Set v1,CC BY 4.0
1.0,lefood-0282,279,Ayam bumbu bistik,013,leftover dataset/data_before/013/013_221_DSC_0629_bef.JPG,leftover dataset/data_after/013/013_221_DSC_0681_aft.JPG,58,30,0.51724137931034486,5,530,389,534,398,a53cb25ec1f3a5796257d4f1fe0c2502678c68a97a1159f450774ab33daca5e0,b120b6f9fa8c820f89469982047ecd340a8296cd4fe3d7c4d8be7e71278a2bc1,,true,,3,10.17632/cchsk79jkt.1,LeFood-Set v1,CC BY 4.0
1.0,lefood-0283,280,Ayam bumbu bistik,013,leftover dataset/data_before/013/013_304_DSC_0539_bef.JPG,leftover dataset/data_after/013/013_304_DSC_0589_aft.JPG,49,48,0.97959183673469385,1,557,414,562,419,777cf3cfb0c84d680ff49da8a1db3ddba33fa02ce929c625e1404a4cee8405a7,f174b8f355726e4d9b9b38b0fe4e309fbba809ef8e6848d25dc80fc8936dbc91,,true,,3,10.17632/cchsk79jkt.1,LeFood-Set v1,CC BY 4.0
1.0,lefood-0284,281,Ayam bumbu bistik,013,leftover dataset/data_before/013/013_305_DSC_0537_bef.JPG,leftover dataset/data_after/013/013_305_DSC_0592_aft.JPG,43,0,0,7,554,408,570,430,d198501b731d496d0d8d43e215203dc2d4e77a5ab791ad3e8e82e2036c59e68a,de3afcfddb17ecaf058536dd3181c4ceb0e3ee3c5e5c8e15ca345b511a396539,,true,,3,10.17632/cchsk79jkt.1,LeFood-Set v1,CC BY 4.0
1.0,lefood-0285,282,Ayam bumbu bistik,013,leftover dataset/data_before/013/013_306_DSC_0535_bef.JPG,leftover dataset/data_after/013/013_306_DSC_0595_aft.JPG,48,0,0,7,555,410,569,430,1590e784c46fc0aacbb43478367243452575ed9d2e5507f7ceaaed8cc02a48e0,1b060951efa64ee39c2485b36ba1692aa507546b6f57a472f3e3830468701513,,true,,3,10.17632/cchsk79jkt.1,LeFood-Set v1,CC BY 4.0
1.0,lefood-0286,283,Ayam bumbu bistik,013,leftover dataset/data_before/013/013_307_DSC_0523_bef.JPG,leftover dataset/data_after/013/013_307_DSC_0578_aft.JPG,45,20,0.44444444444444442,6,567,423,575,436,c8f1dd75defe632178cbd7596db0131ea15854e5c2bd0d3e2a0a50d99312a8c9,bd3d0401c6c6b68ccf29acb93241145c827a12b69dc2b0f4285cc17fa397d21e,,true,,3,10.17632/cchsk79jkt.1,LeFood-Set v1,CC BY 4.0
1.0,lefood-0287,284,Ayam bumbu bistik,013,leftover dataset/data_before/013/013_308_DSC_0521_bef.JPG,leftover dataset/data_after/013/013_308_DSC_0584_aft.JPG,44,0,0,7,555,408,560,421,0d4411629e4d00168d3011f2bd519545532300c04b5a385b131c7e821ac2c60f,d27778eb4051d9a256c500ecf716dbe599c4ef2c1de719c093cc2690d22fee99,,true,,3,10.17632/cchsk79jkt.1,LeFood-Set v1,CC BY 4.0
1.0,lefood-0288,285,Ayam bumbu bistik,013,leftover dataset/data_before/013/013_309_DSC_0500_bef.JPG,leftover dataset/data_after/013/013_309_DSC_0563_aft.JPG,68,28,0.41176470588235292,6,552,410,554,407,4556bb26a300dbf0522d997cbd8e2496fcf8709f0b09f1323d1a6a810878d83f,153e6321568992f11bb055389d50ca3c3f6d5d896aaa9f640fd37ed9a6b52c58,,true,,3,10.17632/cchsk79jkt.1,LeFood-Set v1,CC BY 4.0
1.0,lefood-0289,286,Ayam bumbu bistik,013,leftover dataset/data_before/013/013_310_DSC_0506_bef.JPG,leftover dataset/data_after/013/013_310_DSC_0559_aft.JPG,85,0,0,7,558,412,558,415,3385af3846529d14d6cfac0cd49c95167118233ad10be131b396835112e975a3,b8b36bcc1da3723f29c35f8595c8b66d639651a2fbfc3cd8f00ebf87d7145ae5,,true,,3,10.17632/cchsk79jkt.1,LeFood-Set v1,CC BY 4.0
1.0,lefood-0290,287,Ayam bumbu bistik,013,leftover dataset/data_before/013/013_311_DSC_0503_bef.JPG,leftover dataset/data_after/013/013_311_DSC_0553_aft.JPG,64,0,0,7,559,412,564,422,73af12037596d38ab68155eb9370144d6c4a13be023571dc0d0f847ef1d94eb6,b0abcbfdcc0b8e903c3058e09792374aa657e92e3dbb3f924d45d9d54fa86abc,dup-d06da4f9b06c,true,,3,10.17632/cchsk79jkt.1,LeFood-Set v1,CC BY 4.0
1.0,lefood-0291,288,Ayam bumbu bistik,013,leftover dataset/data_before/013/013_312_DSC_0509_bef.JPG,leftover dataset/data_after/013/013_312_DSC_0574_aft.JPG,50,24,0.47999999999999998,4,558,413,570,432,b78a82f278071898809715ae73e3412e2c785da72eddb89dc39b2f5e66a8ec48,fc81069270c955caf950eb44e052967f7fb7df35c660f0f83727b397360085b4,,true,,3,10.17632/cchsk79jkt.1,LeFood-Set v1,CC BY 4.0
1.0,lefood-0292,289,Ayam bumbu bistik,013,leftover dataset/data_before/013/013_313_DSC_0512_bef.JPG,leftover dataset/data_after/013/013_313_DSC_0569_aft.JPG,49,1,0.020408163265306121,7,561,415,560,418,0466661159a2dcf51267621e525f6eaf258a23501b90814da27d021977641b28,b2614fe6364718f188ad6e675a076f4cff94101349061f2492f092b107629bec,,true,,3,10.17632/cchsk79jkt.1,LeFood-Set v1,CC BY 4.0
1.0,lefood-0293,290,Ayam bumbu bistik,013,leftover dataset/data_before/013/013_314_DSC_0518_bef.JPG,leftover dataset/data_after/013/013_314_DSC_0601_aft.JPG,55,0,0,7,559,420,566,422,90b3dbf14c775a2f6afe198af8b1e74fc19039f8de0518e2b4c569a027a6fa4f,84afce88bc4cf117833334061866b8209f8c5f10756aa0d5ac8ca4282370a6ba,,true,,3,10.17632/cchsk79jkt.1,LeFood-Set v1,CC BY 4.0
1.0,lefood-0295,291,ikan bb asam manis,014,leftover dataset/data_before/014/014_223_DSC_0722_bef.JPG,leftover dataset/data_after/014/014_223_DSC_0810_aft.JPG,53,0,0,7,522,390,531,405,48d3b7cb0da2a1ff325751a805fa9fdcc471bb3ed182cad6ae981d51ed525c86,0e0db3b9e8ddd13d992015d41a679e7c5022d5314c27a711d1466e137e37eb04,,true,,1,10.17632/cchsk79jkt.1,LeFood-Set v1,CC BY 4.0
1.0,lefood-0296,292,ikan bb asam manis,014,leftover dataset/data_before/014/014_224_DSC_0733_bef.JPG,leftover dataset/data_after/014/014_224_DSC_0788_aft.JPG,44,31,0.70454545454545459,3,558,421,566,429,5bd6c4cc6773139f257252b0e4765ceac41b05d2565e550de3c27f4812267a41,7292b4b1df4d232183b3c4e5ecd66ea014d37283afe2ca36da88e54f88366906,,true,,1,10.17632/cchsk79jkt.1,LeFood-Set v1,CC BY 4.0
1.0,lefood-0297,293,ikan bb asam manis,014,leftover dataset/data_before/014/014_225_DSC_0741_bef.JPG,leftover dataset/data_after/014/014_225_DSC_0786_aft.JPG,60,19,0.31666666666666665,4,521,397,517,386,ff70c96921407585c9793956e14265af6b34064a6f8053dfd5d2063e8a33ade8,d5e325457804a202a838b8735ec444e22a6a3e4ed329587a928f5f3275cfdb16,,true,,1,10.17632/cchsk79jkt.1,LeFood-Set v1,CC BY 4.0
1.0,lefood-0298,294,ikan bb asam manis,014,leftover dataset/data_before/014/014_226_DSC_0706_bef.JPG,leftover dataset/data_after/014/014_226_DSC_0760_aft.JPG,36,0,0,7,569,432,561,420,d11e8ccecb5b2409b56cc0f31fb965b8117461ff182c45e0a428dfe4c0a44954,3de908724a184bd2ab6bbe58d0ddac2dee9cbaa8563cab0fb6228ce299296237,,true,,1,10.17632/cchsk79jkt.1,LeFood-Set v1,CC BY 4.0
1.0,lefood-0299,295,ikan bb asam manis,014,leftover dataset/data_before/014/014_227_DSC_0715_bef.JPG,leftover dataset/data_after/014/014_227_DSC_0763_aft.JPG,25,3,0.12,6,560,425,565,426,3a46c162c22e68e3883d424cb8bab9252b442b64e423bdfa675361d177508369,e5956dfe0e42658ab6903756cd688f44c886497256fbce7a94021c0730a7bdf9,,true,,1,10.17632/cchsk79jkt.1,LeFood-Set v1,CC BY 4.0
1.0,lefood-0300,296,ikan bb asam manis,014,leftover dataset/data_before/014/014_228_DSC_0725_bef.JPG,leftover dataset/data_after/014/014_228_DSC_0795_aft.JPG,55,0,0,7,510,380,521,396,2d8eeee30c2dc355eaf010d0096c803a72386b20a8aa12dbdd286a40afa152f8,cfe087e82c5e62f44070665563fc7d9f4c71c27be00cc20b3528984c2f6432bc,,true,,1,10.17632/cchsk79jkt.1,LeFood-Set v1,CC BY 4.0
1.0,lefood-0301,297,ikan bb asam manis,014,leftover dataset/data_before/014/014_229_DSC_0728_bef.JPG,leftover dataset/data_after/014/014_229_DSC_0799_aft.JPG,37,34,0.91891891891891897,3,516,387,519,393,c40c99f4980ffd6ab9ae843949d24524b9280a2109d081f293928388a6793cd4,1c291ebf472d2ff046fc3166f55db344df335342c5d2d6db4eb7070d6a6576c0,,true,,1,10.17632/cchsk79jkt.1,LeFood-Set v1,CC BY 4.0
1.0,lefood-0302,298,ikan bb asam manis,014,leftover dataset/data_before/014/014_230_DSC_0710_bef.JPG,leftover dataset/data_after/014/014_230_DSC_0768_aft.JPG,48,13,0.27083333333333331,6,526,402,523,397,3853f58833e8e80f9b307e482ff0e4aef19880cccd1d6c96c1bf73308d7d9ad7,eec1f8358ca5851d459e1dada3ed3766cec841c20396cb2824b618e98c1c16b6,,true,,1,10.17632/cchsk79jkt.1,LeFood-Set v1,CC BY 4.0
1.0,lefood-0303,299,ikan bb asam manis,014,leftover dataset/data_before/014/014_231_DSC_0737_bef.JPG,leftover dataset/data_after/014/014_231_DSC_0781_aft.JPG,56,0,0,7,521,396,522,394,1210b910ec24655530a916c4e2352f62890d78d2e7274974ab7d49f6ddb604de,7c58b465ed50e0957d6668d72bfbaaef8f89aadb5f74ae6d1102d5af6f52aa87,,true,,1,10.17632/cchsk79jkt.1,LeFood-Set v1,CC BY 4.0
1.0,lefood-0304,300,ikan bb asam manis,014,leftover dataset/data_before/014/014_232_DSC_0705_bef.JPG,leftover dataset/data_after/014/014_232_DSC_0771_aft.JPG,44,40,0.90909090909090906,2,524,399,526,401,641f0c2738e1569d98d9a24d7082ae8bb3713be98ce3124fdca360fde33797b7,19a857c348d0d9c420d19f0c9c6bcb9d423f99c8123ac997a9f2d537333f459f,,true,,1,10.17632/cchsk79jkt.1,LeFood-Set v1,CC BY 4.0
1.0,lefood-0305,301,ikan bb asam manis,014,leftover dataset/data_before/014/014_233_DSC_0708_bef.JPG,leftover dataset/data_after/014/014_233_DSC_0775_aft.JPG,46,20,0.43478260869565216,4,526,401,519,394,ac2594dd6bce45a91ef9c8c6814391b5156ec08f83f3674c729c0217976fc66b,c7e168204f51c4b5dd3c7f9dbfc916041560578272d1b316024c401461545976,,true,,1,10.17632/cchsk79jkt.1,LeFood-Set v1,CC BY 4.0
1.0,lefood-0306,302,ikan bb asam manis,014,leftover dataset/data_before/014/014_315_DSC_0619_bef.JPG,leftover dataset/data_after/014/014_315_DSC_0638_aft.JPG,26,0,0,7,538,402,543,399,5a80be74357d25fedc21e1708d0294e982ad55fce5cb31fddc056f18b83d7c4e,4c4fad8f7851fbb838e340b56a6c6ab19f04e5e92c5b357534425091ff11c9a3,,true,,1,10.17632/cchsk79jkt.1,LeFood-Set v1,CC BY 4.0
1.0,lefood-0307,303,ikan bb asam manis,014,leftover dataset/data_before/014/014_316_DSC_0621_bef.JPG,leftover dataset/data_after/014/014_316_DSC_0641_aft.JPG,35,0,0,7,539,398,553,411,6230d33de076c51b4424646a12ad69aa4965bb21ad31328afc945f8ecc95ea87,9d809b98de24b0575537cb8473560e9ae8736acbf0256f9b67ac117de188867d,,true,,1,10.17632/cchsk79jkt.1,LeFood-Set v1,CC BY 4.0
1.0,lefood-0308,304,ikan bb asam manis,014,leftover dataset/data_before/014/014_317_DSC_0610_bef.JPG,leftover dataset/data_after/014/014_317_DSC_0635_aft.JPG,24,2,0.083333333333333329,7,492,362,506,372,f43af4a03f9af8cd26929638cfc06e1014996dde8ee0b5554fe043e7a73853ab,07fb70a48d11fc41647704c581818a1dc620c217e86231c1fe780dbcdace0ece,,true,,1,10.17632/cchsk79jkt.1,LeFood-Set v1,CC BY 4.0
1.0,lefood-0309,305,Telur Mata Sapi,015,leftover dataset/data_before/015/015_255_DSC_0014_bef.JPG,leftover dataset/data_after/015/015_255_DSC_0093_aft.JPG,50,0,0,7,512,381,517,387,f0bbe281ad36c03f1ccf8e1ff4aa02460f0be3a360c3b28b0a83799ddfcb36db,43fbb05bc27d1b6240183600b6cddbd1a72018ec53b00d05654e0286f285c70d,,true,,3,10.17632/cchsk79jkt.1,LeFood-Set v1,CC BY 4.0
1.0,lefood-0310,306,Telur Mata Sapi,015,leftover dataset/data_before/015/015_256_DSC_0016_bef.JPG,leftover dataset/data_after/015/015_256_DSC_0089_aft.JPG,47,0,0,7,515,386,518,398,551211b2febdb559d8e448fd942aeb0e3bb6553bc593557da7d8f534a914e1c2,6065bed31f1306684e1c1c55cdded4c0973ddd47865f5d805820f67393656376,,true,,3,10.17632/cchsk79jkt.1,LeFood-Set v1,CC BY 4.0
1.0,lefood-0311,307,Telur Mata Sapi,015,leftover dataset/data_before/015/015_257_DSC_0018_bef.JPG,leftover dataset/data_after/015/015_257_DSC_0084_aft.JPG,46,15,0.32608695652173914,5,510,381,517,387,f93d07d6fd71f4d1ccfaeba5f578c17a69fcfe2a3efdb587b9da2d63111399a8,8a48f3cf489a709487d51acf66f34150eb71a2387200fd8a568e6a9c46474125,,true,,3,10.17632/cchsk79jkt.1,LeFood-Set v1,CC BY 4.0
1.0,lefood-0312,308,Telur Mata Sapi,015,leftover dataset/data_before/015/015_258_DSC_0050_bef.JPG,leftover dataset/data_after/015/015_258_DSC_0080_aft.JPG,45,0,0,7,506,379,524,400,0f72c334b721dc20293860ade75fe943f5d91f71fcee3bf19f6ba3a6c4c67220,a624533c1f2dbca387d4ab82cf81eee704729268970b7853a6d4f301a3da3d1f,,true,,3,10.17632/cchsk79jkt.1,LeFood-Set v1,CC BY 4.0
1.0,lefood-0313,309,Telur Mata Sapi,015,leftover dataset/data_before/015/015_259_DSC_0045_bef.JPG,leftover dataset/data_after/015/015_259_DSC_0077_aft.JPG,39,18,0.46153846153846156,5,509,377,514,383,35ea7ea37db73ac7d503c7c826eca2b17ed6557d133977094f7322495eb150ac,187aaa08740d13e156a9b526c3492057ea1edc362309cc982cca27f87d878577,,true,,3,10.17632/cchsk79jkt.1,LeFood-Set v1,CC BY 4.0
1.0,lefood-0314,310,Telur Mata Sapi,015,leftover dataset/data_before/015/015_260_DSC_0030_bef.JPG,leftover dataset/data_after/015/015_260_DSC_0096_aft.JPG,58,4,0.068965517241379309,6,510,378,523,406,b817a4095542d77dc6127720d8b17b6639daccee14a8ddf43b68e84f57f1f89f,d9a9e519aa3ac000a2ffc4c2455a3b2aaa15cb5638bd23d7d39c46fc04b032f7,,true,,3,10.17632/cchsk79jkt.1,LeFood-Set v1,CC BY 4.0
1.0,lefood-0315,311,Telur Mata Sapi,015,leftover dataset/data_before/015/015_261_DSC_0036_bef.JPG,leftover dataset/data_after/015/015_261_DSC_0105_aft.JPG,47,0,0,7,522,397,519,393,b4388dea58d660e736d0f7b7abdf36208c41bfe1b685bc7ab8a3060cf6415243,ae626ce53962881e8c341d9cb20c280839190354eb43e45ac7352311c11c4e45,,true,,3,10.17632/cchsk79jkt.1,LeFood-Set v1,CC BY 4.0
1.0,lefood-0317,312,Telur Mata Sapi,015,leftover dataset/data_before/015/015_263_DSC_0042_bef.JPG,leftover dataset/data_after/015/015_263_DSC_0120_aft.JPG,57,56,0.98245614035087714,1,518,391,513,386,12b341b9eb3d138c6b88e3ad7a416b01c1a3b8ddda6c42b4606d65f34c5ae042,f45bc4514fef9e1000da3bf95ec33eb27d34dbb709585a48c54d098ba4c83c8c,,true,,3,10.17632/cchsk79jkt.1,LeFood-Set v1,CC BY 4.0
1.0,lefood-0318,313,Telur Mata Sapi,015,leftover dataset/data_before/015/015_264_DSC_0020_bef.JPG,leftover dataset/data_after/015/015_264_DSC_0112_aft.JPG,44,0,0,7,506,379,521,395,57d1fbb3b0584dfcd2a90afcdb05536dfaff3a6d50b9addd959adeaa97ba03a0,c37898b001d3bc333d81160be1ba620fee9ca81c591eb1bf20df536993373fdf,,true,,3,10.17632/cchsk79jkt.1,LeFood-Set v1,CC BY 4.0
1.0,lefood-0319,314,Telur Mata Sapi,015,leftover dataset/data_before/015/015_318_DSC_0049_bef.JPG,leftover dataset/data_after/015/015_318_DSC_0091_aft.JPG,39,39,1,1,520,375,512,373,ab2c726bb48c95b8572205d5fc9d4b5f009645425eda1030ad43f5c5309ed962,23a7ff7c7f96b0c42ec29e366ef4afeb893b22daf6f186d393f5dc7625d8808f,,true,,3,10.17632/cchsk79jkt.1,LeFood-Set v1,CC BY 4.0
1.0,lefood-0320,315,Telur Mata Sapi,015,leftover dataset/data_before/015/015_319_DSC_0041_bef.JPG,leftover dataset/data_after/015/015_319_DSC_0078_aft.JPG,48,41,0.85416666666666663,7,515,372,511,371,6d36d99759f316592f6f55e5f618dbc25b12c398891fae9b1ad298f2706d32c9,37b29358002b9af3c4aa232abdbf68373b60a9ab5c389692081720767f7af007,,true,,3,10.17632/cchsk79jkt.1,LeFood-Set v1,CC BY 4.0
1.0,lefood-0321,316,Telur Mata Sapi,015,leftover dataset/data_before/015/015_336_DSC_0607_bef.JPG,leftover dataset/data_after/015/015_336_DSC_0695_aft.JPG,46,0,0,7,544,408,531,392,7418cbc49913ddbb180a04232eae5e6f2adb5513461eb4972dc60e210181b5d3,ee96649643e11086ce3e56d950f14f58c10662988a00056ae95461e314ee9d60,,true,,3,10.17632/cchsk79jkt.1,LeFood-Set v1,CC BY 4.0
1.0,lefood-0322,317,Telur Mata Sapi,015,leftover dataset/data_before/015/015_337_DSC_0613_bef.JPG,leftover dataset/data_after/015/015_337_DSC_0699_aft.JPG,51,0,0,7,545,411,530,390,05c261ef9a6c86adabcb407960969f62652471e4e7f372d0ecba9b3b9a96d8fc,de95442d2bc4eac49a89fc2a1fcb8ed52848e70c72bdaba0fb3bad81820851b4,dup-c7a1ff728d7c,true,,3,10.17632/cchsk79jkt.1,LeFood-Set v1,CC BY 4.0
1.0,lefood-0323,318,Telur Mata Sapi,015,leftover dataset/data_before/015/015_338_DSC_0600_bef.JPG,leftover dataset/data_after/015/015_338_DSC_0667_aft.JPG,48,0,0,7,539,404,530,390,b4b572ff8617755f2d797159d657ac0601abe3dce502fa6eb8940d7fc22ae88e,46cf45ac8e10ff9d59743d7e83f4d5f0ba14fbdd0f592fcf2b6cb484c51431e1,,true,,3,10.17632/cchsk79jkt.1,LeFood-Set v1,CC BY 4.0
1.0,lefood-0324,319,Telur Mata Sapi,015,leftover dataset/data_before/015/015_372_DSC_0540_bef.JPG,leftover dataset/data_after/015/015_372_DSC_0588_aft.JPG,45,44,0.97777777777777775,1,551,409,562,419,262f2c37af66af3f980a3f463d2962ade7485d6f4c1a4b8480a302883b8f26d2,6b3dca33487dc95db6f3bab1c199730c92ef47de0813df5bab6236f367737a1b,,true,,3,10.17632/cchsk79jkt.1,LeFood-Set v1,CC BY 4.0
1.0,lefood-0325,320,Telur Mata Sapi,015,leftover dataset/data_before/015/015_373_DSC_0501_bef.JPG,leftover dataset/data_after/015/015_373_DSC_0564_aft.JPG,49,4,0.081632653061224483,6,558,417,562,416,3fbd22cda67e4b8cdf0f6b302e3f1c9cd30006ecb247c9a05c8193fef764180d,8df4da5f9148d9661825b3ef931ebfe624ba28195890d5501faec0b5c0b0a2d9,,true,,3,10.17632/cchsk79jkt.1,LeFood-Set v1,CC BY 4.0
1.0,lefood-0326,321,Telur Mata Sapi,015,leftover dataset/data_before/015/015_374_DSC_0507_bef.JPG,leftover dataset/data_after/015/015_374_DSC_0560_aft.JPG,48,0,0,7,554,415,560,417,4bbc446ade58c2e8c3476dd5aaf463a74fcdbd088f054fdf2b4bb7505fcc39de,eae228f359296654557de22e953c911180a47ab30daa7fa460b6694e8af3bcf7,,true,,3,10.17632/cchsk79jkt.1,LeFood-Set v1,CC BY 4.0
1.0,lefood-0327,322,Telur Mata Sapi,015,leftover dataset/data_before/015/015_375_DSC_0504_bef.JPG,leftover dataset/data_after/015/015_375_DSC_0554_aft.JPG,44,0,0,7,554,415,565,422,18d1c2ca163b63b64f933f9828f0159dd3a04023e654b161b5608bda94fdd950,75d44eba8b82758badb9197738640ab3f2ecb8190e9ccf68767af233ed8b265d,dup-d06da4f9b06c,true,,3,10.17632/cchsk79jkt.1,LeFood-Set v1,CC BY 4.0
1.0,lefood-0328,323,Telur Mata Sapi,015,leftover dataset/data_before/015/015_376_DSC_0510_bef.JPG,leftover dataset/data_after/015/015_376_DSC_0575_aft.JPG,50,0,0,7,558,418,571,432,24f123f8ad0dccd75af9f078e0360ff1782c04fd2e8b49dceec0ca4db0686610,a1a72150eb2b5a61cb37afad87d85d4ddf4100530443d3533f555cc8d62c05ee,,true,,3,10.17632/cchsk79jkt.1,LeFood-Set v1,CC BY 4.0
1.0,lefood-0330,324,Telur Mata Sapi,015,leftover dataset/data_before/015/015_378_DSC_0519_bef.JPG,leftover dataset/data_after/015/015_378_DSC_0600_aft.JPG,54,25,0.46296296296296297,4,559,422,559,421,fee758c2fcbe95885eaeaa865987f5b74d086937a0e9bd3edbec1066787031ca,d5d92d9028df77832a70af1063c3ce538e315751d0792cefd029d7c95520a060,,true,,3,10.17632/cchsk79jkt.1,LeFood-Set v1,CC BY 4.0
1.0,lefood-0331,325,Ayam suwir,016,leftover dataset/data_before/016/016_320_DSC_0212_bef.JPG,leftover dataset/data_after/016/016_320_DSC_0256_aft.JPG,31,0,0,7,474,357,498,372,fe2fc1c4a38d28e129c82e3d530b53ff6eb43b4b5069943b92f7ac5d9aa82b17,d21b94562015b7c92cfc355f708a59304e4c15080d71918d322d3786e69f7771,,true,,2,10.17632/cchsk79jkt.1,LeFood-Set v1,CC BY 4.0
1.0,lefood-0332,326,Ayam suwir,016,leftover dataset/data_before/016/016_321_DSC_0216_bef.JPG,leftover dataset/data_after/016/016_321_DSC_0247_aft.JPG,32,24,0.75,3,480,359,508,383,909d532653e5dea5ea0cc5b2403380ceeb11ede6ee2495b707fab374b6d0c2a6,e5bea77ce369a878cdeee1e954f4c3bf7d709e74b752fc5c00287b21780fa6fb,,true,,2,10.17632/cchsk79jkt.1,LeFood-Set v1,CC BY 4.0
1.0,lefood-0333,327,Ayam suwir,016,leftover dataset/data_before/016/016_322_DSC_0221_bef.JPG,leftover dataset/data_after/016/016_322_DSC_0252_aft.JPG,32,11,0.34375,5,512,380,497,369,fb1ca48030e644e63de2f9547ab0879b1e095dfb4496e0a1c620cfe226a49ddd,3e01c2a7a5a4fc79173fca4d28a4ce692384bbbbc977543a24a56a361e9e740d,,true,,2,10.17632/cchsk79jkt.1,LeFood-Set v1,CC BY 4.0
1.0,lefood-0334,328,Ayam suwir,016,leftover dataset/data_before/016/016_360_DSC_0149_bef.JPG,leftover dataset/data_after/016/016_360_DSC_0196_aft.JPG,31,0,0,7,533,403,479,361,ea1bfbc3b3a194457c3da55f844c16d4e6c0436cdd1a0ff4aa38d8a79974d1e9,1d9e5f87fba3006d0682e0bdee381d38fedadde62d8b9087e3623cbf19030959,,true,,2,10.17632/cchsk79jkt.1,LeFood-Set v1,CC BY 4.0
1.0,lefood-0335,329,Ayam suwir,016,leftover dataset/data_before/016/016_379_DSC_0611_bef.JPG,leftover dataset/data_after/016/016_379_DSC_0634_aft.JPG,30,0,0,7,535,393,554,410,1d763d37c1b46c931484304e1c307a2ea97e634f000cdccbb2e8665ccd702e3e,0df8ec9d9d4703564cfefd086e7ae044ff6f992fdb71f5eee4e31ae1c4a1ee1f,,true,,2,10.17632/cchsk79jkt.1,LeFood-Set v1,CC BY 4.0
1.0,lefood-0336,330,Oseng Bakso,017,leftover dataset/data_before/017/017_323_DSC_0372_bef.JPG,leftover dataset/data_after/017/017_323_DSC_0424_aft.JPG,25,4,0.16,6,553,408,556,422,194782a46f7b65511e9f870ff9696ec757793d3a914b235388fb38b89f2dda46,c917a7fe75b1781be144618c060da078b820a22557f1acd2ffe8292059f477ec,,true,,3,10.17632/cchsk79jkt.1,LeFood-Set v1,CC BY 4.0
1.0,lefood-0337,331,Oseng Bakso,017,leftover dataset/data_before/017/017_324_DSC_0375_bef.JPG,leftover dataset/data_after/017/017_324_DSC_0413_aft.JPG,24,13,0.54166666666666663,4,520,394,523,390,8f33425773db0d6c5d41f8ad72644e0c4b5c52fd094a587d0e83ec920815358a,460374ed621424ccdc69ba310282ffc2b6e5de05b1c2ed47c49d123ebd1a9e9d,,true,,3,10.17632/cchsk79jkt.1,LeFood-Set v1,CC BY 4.0
1.0,lefood-0338,332,Oseng Bakso,017,leftover dataset/data_before/017/017_325_DSC_0368_bef.JPG,leftover dataset/data_after/017/017_325_DSC_0409_aft.JPG,22,0,0,7,551,412,565,424,231dca72dfe359c23cd4431a2ec17ec6eb778d696443bbd362ff0f124967f868,0022c8139ad4ac67af25a2be7a0658261b11393c24e7ea46421794386becd7b8,,true,,3,10.17632/cchsk79jkt.1,LeFood-Set v1,CC BY 4.0
1.0,lefood-0339,333,Oseng Bakso,017,leftover dataset/data_before/017/017_326_DSC_0365_bef.JPG,leftover dataset/data_after/017/017_326_DSC_0405_aft.JPG,23,15,0.65217391304347827,4,557,415,562,419,8a8ae5b42fb14062e36d656e03df00fc987e3fb52b0c95061930fb27760a4505,44ffec3f827e4d789f5a2288961ed91fc8c3c3bc3f771fdb54753d9b6305c09c,,true,,3,10.17632/cchsk79jkt.1,LeFood-Set v1,CC BY 4.0
1.0,lefood-0340,334,Oseng Bakso,017,leftover dataset/data_before/017/017_327_DSC_0360_bef.JPG,leftover dataset/data_after/017/017_327_DSC_0399_aft.JPG,21,0,0,7,513,382,527,395,6f13b8da78173d6bb51751e4aae7c786695a8fa1376e513be3e85a8d8af48bab,1903f170637d73b1b657a164e6b86d05c642ab98aa1505955531cb865558d485,,true,,3,10.17632/cchsk79jkt.1,LeFood-Set v1,CC BY 4.0
1.0,lefood-0341,335,Oseng Sosis,018,leftover dataset/data_before/018/018_328_DSC_0451_bef.JPG,leftover dataset/data_after/018/018_328_DSC_0513_aft.JPG,19,14,0.73684210526315785,2,459,340,473,350,8357cc6b20de0a96995df9447b6851148ae8fab19f243af3989c527c66700ba8,f193b4cdaa1236db34ec048dc20317d847a79ccb2d50523d07d3031d873d5ba4,,true,,4,10.17632/cchsk79jkt.1,LeFood-Set v1,CC BY 4.0
1.0,lefood-0342,336,Oseng Sosis,018,leftover dataset/data_before/018/018_329_DSC_0459_bef.JPG,leftover dataset/data_after/018/018_329_DSC_0507_aft.JPG,21,20,0.95238095238095233,1,469,359,485,365,a54bbc11f71691396e0fe53307d4eb8487da91095335066adb4a3b618a452fc5,5eecdeff62bf576cf86d0cc793d9430ef27c2bfd413f1da30e81bb05b49e1832,,true,,4,10.17632/cchsk79jkt.1,LeFood-Set v1,CC BY 4.0
1.0,lefood-0343,337,Oseng Sosis,018,leftover dataset/data_before/018/018_330_DSC_0461_bef.JPG,leftover dataset/data_after/018/018_330_DSC_0498_aft.JPG,22,0,0,7,464,349,465,339,e6a7bfc5b41ccfcdfb28c13332e716c1a10cb69f79de36a07e2c6a76767b66ea,7b879a66a7921f23db4b57e541f311237e5e55a137f579ea86f67ea3b9612f91,,true,,4,10.17632/cchsk79jkt.1,LeFood-Set v1,CC BY 4.0
1.0,lefood-0344,338,Oseng Sosis,018,leftover dataset/data_before/018/018_331_DSC_0465_bef.JPG,leftover dataset/data_after/018/018_331_DSC_0501_aft.JPG,21,0,0,7,469,354,511,377,21600273a11aa8cb5674fb24fcc27feaa4b672636123846e30f2034b03f9685d,0f895f39b413fdf52f577aae06eeda300b8ec0c28d276c4142266028b3c88b9d,,true,,4,10.17632/cchsk79jkt.1,LeFood-Set v1,CC BY 4.0
1.0,lefood-0345,339,Sambel Goreng Rempela Ati,019,leftover dataset/data_before/019/019_332_DSC_0556_bef.JPG,leftover dataset/data_after/019/019_332_DSC_0584_aft.JPG,12,12,1,1,514,386,537,403,2c8844741f3c6cb1dc36b202cd301ce988c11f045cc8548b6210f32dd6ce0ac4,ce2ae59576d0d3977f2b8052490d111852455698f0c1072b5fc64ed97f2b42b7,,true,,0,10.17632/cchsk79jkt.1,LeFood-Set v1,CC BY 4.0
1.0,lefood-0346,340,Sambel Goreng Rempela Ati,019,leftover dataset/data_before/019/019_333_DSC_0560_bef.JPG,leftover dataset/data_after/019/019_333_DSC_0576_aft.JPG,11,0,0,7,517,385,539,406,2f308d4dba08dbdfacd76e8d520fce903c061c4cf8578709dd421ca71666f173,391ad8ae328de3beeb74a33cee86043684767a29eae30619401dd8c61fce48d3,,true,,0,10.17632/cchsk79jkt.1,LeFood-Set v1,CC BY 4.0
1.0,lefood-0347,341,Sambel Goreng Rempela Ati,019,leftover dataset/data_before/019/019_334_DSC_0546_bef.JPG,leftover dataset/data_after/019/019_334_DSC_0588_aft.JPG,19,20,1.0526315789473684,1,513,384,529,393,05a4f182f1c77c706fda32c3b0f22a752b33ba4e6fdbbf2e20c263e273d5b003,4501adcbd2cf07a4b15dda46145c2de5776e4a2a9664394640353929a9f574b3,,false,after_mass_exceeds_before_mass,0,10.17632/cchsk79jkt.1,LeFood-Set v1,CC BY 4.0
1.0,lefood-0348,342,Sambel Goreng Rempela Ati,019,leftover dataset/data_before/019/019_335_DSC_0541_bef.JPG,leftover dataset/data_after/019/019_335_DSC_0597_aft.JPG,24,2,0.083333333333333329,6,517,387,537,404,cf0f62aa4ec2a4df23ba1cc27028dc11e61431b4094b8bee8f809dea24d31a22,d355121783d66325ae6778b7c4a132e5d5764e9344ca02ccd927ac973e2b7fb5,,true,,0,10.17632/cchsk79jkt.1,LeFood-Set v1,CC BY 4.0
1.0,lefood-0349,343,Sambel Goreng Rempela Ati,019,leftover dataset/data_before/019/019_345_DSC_0825_bef.JPG,leftover dataset/data_after/019/019_345_DSC_0883_aft.JPG,25,0,0,7,518,389,505,375,9cfd9b535c98632ec3b5deae251886d6acdf53dfff88725d78bf4cff7ea2f889,baec009be08ed0b2592375a1ec11f8222462b0db5e166a73408d5a489de69260,,true,,0,10.17632/cchsk79jkt.1,LeFood-Set v1,CC BY 4.0
1.0,lefood-0350,344,Sambel Goreng Rempela Ati,019,leftover dataset/data_before/019/019_346_DSC_0832_bef.JPG,leftover dataset/data_after/019/019_346_DSC_0905_aft.JPG,11,11,1,1,512,379,512,383,cebcfc70cf7b6654b7c8106d5415ae88cc34723240dc111b9e09b2f6e15b00f5,afc3bbdc4fbe6f4ad8b212176cea3c8df36af35055a8d9ccbae23223199a84e6,,true,,0,10.17632/cchsk79jkt.1,LeFood-Set v1,CC BY 4.0
1.0,lefood-0351,345,Sambel Goreng Rempela Ati,019,leftover dataset/data_before/019/019_347_DSC_0846_bef.JPG,leftover dataset/data_after/019/019_347_DSC_0887_aft.JPG,44,0,0,7,511,375,505,375,f36c95b1307b1e8122a7f228aff97330162fd22806df521c98c015795165f31f,46e5a11c94ea6723fefcf450853cb1170440e93e866418598081bba2db68672a,dup-c67b65330d5d,true,,0,10.17632/cchsk79jkt.1,LeFood-Set v1,CC BY 4.0
1.0,lefood-0353,346,Sambel Goreng Rempela Ati,019,leftover dataset/data_before/019/019_349_DSC_0855_bef.JPG,leftover dataset/data_after/019/019_349_DSC_0894_aft.JPG,4,4,1,1,510,381,506,376,f2193432a01ba5846881aa3bb3e37c843f200fb378cc7fc6746b199d865a034f,e0ce4c39c3620db294aefa358cd47364d9242b08184268928992ae8f9668a9ea,,true,,0,10.17632/cchsk79jkt.1,LeFood-Set v1,CC BY 4.0
1.0,lefood-0354,347,Sambel Goreng Rempela Ati,019,leftover dataset/data_before/019/019_355_DSC_0031_bef.JPG,leftover dataset/data_after/019/019_355_DSC_0099_aft.JPG,17,16,0.94117647058823528,1,515,390,526,399,684baff269d689b1e1c94b7b212ecc0ee8a712e0a5034089254d39677d523ac0,4a329736ad49c9af47ec5ac3ef5ccb954d0679b2787bb5ac523818410307c86b,,true,,0,10.17632/cchsk79jkt.1,LeFood-Set v1,CC BY 4.0
1.0,lefood-0355,348,Sambel Goreng Rempela Ati,019,leftover dataset/data_before/019/019_356_DSC_0033_bef.JPG,leftover dataset/data_after/019/019_356_DSC_0103_aft.JPG,17,4,0.23529411764705882,6,522,397,519,390,7169c62aced1383e84d80744d9882756cd9d9300d0b6163dd22da4da9f4d673c,48f15eca5bb2551d05f6741a61f16dae7d4833115f2bee5fe255ab70ee61e872,,true,,0,10.17632/cchsk79jkt.1,LeFood-Set v1,CC BY 4.0
1.0,lefood-0356,349,Sambel Goreng Rempela Ati,019,leftover dataset/data_before/019/019_357_DSC_0039_bef.JPG,leftover dataset/data_after/019/019_357_DSC_0123_aft.JPG,29,28,0.96551724137931039,1,505,379,508,377,792e5834af3df690bc0691e9cf75884d74b97ae92a0ca9b2a4eb206310d39980,fd1c2e2074a8241fcf31985f4be2e8ff87f7c06df7387efab1688fc265985793,,true,,0,10.17632/cchsk79jkt.1,LeFood-Set v1,CC BY 4.0
1.0,lefood-0358,350,Sambel Goreng Rempela Ati,019,leftover dataset/data_before/019/019_359_DSC_0023_bef.JPG,leftover dataset/data_after/019/019_359_DSC_0109_aft.JPG,17,16,0.94117647058823528,1,505,375,517,386,e0f7b13d39dd6cba1165642654bf27f0a990cdcae879b96eeceeaacdcbb333c1,0de3684043d468d9087bc47fda84611451704d62c3faddba355a37a1ff0ce246,,true,,0,10.17632/cchsk79jkt.1,LeFood-Set v1,CC BY 4.0
1.0,lefood-0359,351,Sambel Goreng Rempela Ati,019,leftover dataset/data_before/019/019_369_DSC_0428_bef.JPG,leftover dataset/data_after/019/019_369_DSC_0494_aft.JPG,10,10,1,1,500,366,532,400,39cb21c1f3aacb739937acf0e967480e17685b9a0178f2a2c8518d40ed404448,6c43b891e4b3a8f2eba80f692228231dc0f094761cc44efc016763b38239d11f,,true,,0,10.17632/cchsk79jkt.1,LeFood-Set v1,CC BY 4.0
1.0,lefood-0360,352,Sambel Goreng Rempela Ati,019,leftover dataset/data_before/019/019_370_DSC_0432_bef.JPG,leftover dataset/data_after/019/019_370_DSC_0499_aft.JPG,6,0,0,7,494,366,533,399,2ec2f9f545b0f875349e777720615f2fa9c8cc1a941d6cba11fb99a4fb5d3e0b,3af047ad9042adb1ce7a55628e140f90d0c8fa583eb6c26d75eeb6fe89ac53b6,,true,,0,10.17632/cchsk79jkt.1,LeFood-Set v1,CC BY 4.0
1.0,lefood-0361,353,Sambel Goreng Rempela Ati,019,leftover dataset/data_before/019/019_371_DSC_0419_bef.JPG,leftover dataset/data_after/019/019_371_DSC_0461_aft.JPG,18,18,1,1,503,375,532,391,a7d934b452d03947a87b033f88b79a3ed987bcc4dfc638dbd8bb3ec0cd2806fc,9d364b9e6fbae71e20e5eff9de41614ff2fdd0d90ccfae1d2d3f194137471b74,,true,,0,10.17632/cchsk79jkt.1,LeFood-Set v1,CC BY 4.0
1.0,lefood-0362,354,bola bola daging,020,leftover dataset/data_before/020/020_339_DSC_0718_bef.JPG,leftover dataset/data_after/020/020_339_DSC_0804_aft.JPG,29,24,0.82758620689655171,4,563,423,566,426,e0c1669833bb397cd650ececab72c313fc9b01b04b3d4473070ce811e5f5ea7c,f3b6bcd5c17744a4bac3177654692031fa46a5cbc97ad93a3e78655f1cba62d6,,true,,4,10.17632/cchsk79jkt.1,LeFood-Set v1,CC BY 4.0
1.0,lefood-0363,355,bola bola daging,020,leftover dataset/data_before/020/020_340_DSC_0721_bef.JPG,leftover dataset/data_after/020/020_340_DSC_0809_aft.JPG,29,0,0,7,566,431,567,427,e3f3d967bca307cc4ef7bf30ccfbb86939b2bc8ec27971566bf719c6fcf55c29,d0b6206fc026e4decb2524eca8f237671702deec567e1197edbb3a256a10469c,,true,,4,10.17632/cchsk79jkt.1,LeFood-Set v1,CC BY 4.0
1.0,lefood-0364,356,bola bola daging,020,leftover dataset/data_before/020/020_341_DSC_0739_bef.JPG,leftover dataset/data_after/020/020_341_DSC_0785_aft.JPG,31,0,0,7,564,426,573,438,dd9c9c01a7bf7627fb7d590a25127276e1925cc74a4ac6de9aadb78ef3ba451c,c1aa4bd2e2a114e7c312bd4dfb7b1547d4bcd80b58874cb839f6a4a2b1dd4320,,true,,4,10.17632/cchsk79jkt.1,LeFood-Set v1,CC BY 4.0
1.0,lefood-0365,357,bola bola daging,020,leftover dataset/data_before/020/020_342_DSC_0724_bef.JPG,leftover dataset/data_after/020/020_342_DSC_0794_aft.JPG,36,0,0,7,569,438,568,429,656cad35768787c0780617a96762e1e4e1f881eea752c670a718fabdd6ad9d2f,6b848f976ea3246ba80b4d9c35c06e3dbce56e32e9094c620d8499cfed6c2d55,,true,,4,10.17632/cchsk79jkt.1,LeFood-Set v1,CC BY 4.0
1.0,lefood-0366,358,bola bola daging,020,leftover dataset/data_before/020/020_343_DSC_0727_bef.JPG,leftover dataset/data_after/020/020_343_DSC_0800_aft.JPG,29,0,0,7,568,431,568,432,c1a6a87b7dc289fde5675890a9fd8aec4e630ba4b58f4d2506a5e367adac3c51,d39a0dfdd8cfdb7130b27dd50603a311bed3323ffe209160d612375f1176d85e,,true,,4,10.17632/cchsk79jkt.1,LeFood-Set v1,CC BY 4.0
1.0,lefood-0367,359,bola bola daging,020,leftover dataset/data_before/020/020_344_DSC_0735_bef.JPG,leftover dataset/data_after/020/020_344_DSC_0780_aft.JPG,34,0,0,7,566,431,569,429,5429347ab8931f0cd1283ccf3eb9933d2eef77f37b432ad8852f7358f446c5d8,3beca22d0dcbbd105219a39de8d9468b9bb333d5a885fe5ee54a6b3296867e58,,true,,4,10.17632/cchsk79jkt.1,LeFood-Set v1,CC BY 4.0
1.0,lefood-0368,360,tumis bakso,021,leftover dataset/data_before/021/021_350_DSC_0918_bef.JPG,leftover dataset/data_after/021/021_350_DSC_0991_aft.JPG,13,0,0,7,517,392,502,369,5e4d59887c5b285a676f32c3ea8d5903ef124c2a6802c241857147b44137564c,bb02c2a7e97540bc3fb295791b35f7ce34b8181b6a7dbab9f82b3e8eb7627aee,,true,,3,10.17632/cchsk79jkt.1,LeFood-Set v1,CC BY 4.0
1.0,lefood-0369,361,tumis bakso,021,leftover dataset/data_before/021/021_351_DSC_0928_bef.JPG,leftover dataset/data_after/021/021_351_DSC_0006_aft.JPG,18,13,0.72222222222222221,2,522,401,503,372,56a7b0958e48e29aa28ce1746a802224a8cf3a3c94992d336daa0a4ace8e2a1c,aff46ccf797cb0932bd208563bbf26aa8d4044d5736edbb1d56b53817fd7a965,,true,,3,10.17632/cchsk79jkt.1,LeFood-Set v1,CC BY 4.0
1.0,lefood-0370,362,tumis bakso,021,leftover dataset/data_before/021/021_352_DSC_0932_bef.JPG,leftover dataset/data_after/021/021_352_DSC_0997_aft.JPG,25,25,1,1,527,409,508,388,789ae54bddeb23a55d23386444fa4ff23512587f8b6a3f3bcc270122815ab9e0,0ae79aca19def745c9b40ab2ec6f907bc1501459291b8e5f442fd168bac57d88,,true,,3,10.17632/cchsk79jkt.1,LeFood-Set v1,CC BY 4.0
1.0,lefood-0372,363,tumis bakso,021,leftover dataset/data_before/021/021_354_DSC_0945_bef.JPG,leftover dataset/data_after/021/021_354_DSC_0001_aft.JPG,21,0,0,7,519,396,503,386,9ae2b3371bbe8ae7ab48fbd2799b813bc79bb98868fed2a28f47f7f4501f0242,c21cbd1face56bc2e340860b5ce61888bbdcd6a4ee894b9fcb49f45135cea3a4,,true,,3,10.17632/cchsk79jkt.1,LeFood-Set v1,CC BY 4.0
1.0,lefood-0373,364,tumis bakso,021,leftover dataset/data_before/021/021_361_DSC_0228_bef.JPG,leftover dataset/data_after/021/021_361_DSC_0279_aft.JPG,12,0,0,7,529,394,529,394,027a9f672a5db0cc8258271eafd3261357de7a18447037545acf13f0ad641d3f,5c9dc12f65c61d5080f32f06eebf740427fa5c3946c5874226e381d35821b415,,true,,3,10.17632/cchsk79jkt.1,LeFood-Set v1,CC BY 4.0
1.0,lefood-0374,365,tumis bakso,021,leftover dataset/data_before/021/021_362_DSC_0238_bef.JPG,leftover dataset/data_after/021/021_362_DSC_0292_aft.JPG,17,0,0,7,523,394,537,402,562bb0f2ed86a2a5f33619d4df38dde67b51abac36999d51acde0a0fd9edb8ea,353926ae2c281e590d12236896555e93e230ce1956ae61180ed718ca17e21267,,true,,3,10.17632/cchsk79jkt.1,LeFood-Set v1,CC BY 4.0
1.0,lefood-0375,366,tumis bakso,021,leftover dataset/data_before/021/021_363_DSC_0234_bef.JPG,leftover dataset/data_after/021/021_363_DSC_0298_aft.JPG,17,0,0,7,524,395,536,403,5c46c6d5d747ffb0b41412a16d01fa6b018576793380c9094ef587fee9e4f260,cfc5702fa0a178400e2cabdd9fd75499931f298c70541bef93a427d87d0d0b34,,true,,3,10.17632/cchsk79jkt.1,LeFood-Set v1,CC BY 4.0
1.0,lefood-0376,367,tumis bakso,021,leftover dataset/data_before/021/021_364_DSC_0242_bef.JPG,leftover dataset/data_after/021/021_364_DSC_0282_aft.JPG,13,7,0.53846153846153844,2,525,393,533,398,e293103600c2cc5ffc3299948ebcb1b40c2bdff771fa90c885c6b4c38a2cf545,135945f4232daf2027318a09f3310b61e7a511a357d035e7bde8f3c6e54c9d15,,true,,3,10.17632/cchsk79jkt.1,LeFood-Set v1,CC BY 4.0
1.0,lefood-0377,368,tumis bakso,021,leftover dataset/data_before/021/021_365_DSC_0326_bef.JPG,leftover dataset/data_after/021/021_365_DSC_0364_aft.JPG,27,0,0,7,550,408,547,413,81f35a9498ca25e1528ecd2a3447aa3a24c2380448fc52b037b0fbfc643748f8,a74d77225d0fce9001da6262c49bf8c46995b40349b54ae16c6f43a054163ac0,,true,,3,10.17632/cchsk79jkt.1,LeFood-Set v1,CC BY 4.0
1.0,lefood-0378,369,tumis bakso,021,leftover dataset/data_before/021/021_366_DSC_0319_bef.JPG,leftover dataset/data_after/021/021_366_DSC_0400_aft.JPG,43,14,0.32558139534883723,6,506,370,562,427,caaef0cf61da37bd36403a17aeffa3befefef1fab005d44c73e58203f65c09d9,cc0195dda39509af09c9ad0f71d970a5f4cc92821aeda1fc98c763118faf2bfd,,true,,3,10.17632/cchsk79jkt.1,LeFood-Set v1,CC BY 4.0
1.0,lefood-0379,370,tumis bakso,021,leftover dataset/data_before/021/021_367_DSC_0334_bef.JPG,leftover dataset/data_after/021/021_367_DSC_0367_aft.JPG,17,0,0,7,545,400,548,414,3a12f72a38e192e34e72d9ea5e48156c551e40ea0ab5230a12068a9f4f7c2157,b666b14a682fbf8ee7da92c77e96b1b7c7165f2459cdea9543eff84ff0d8edb8,,true,,3,10.17632/cchsk79jkt.1,LeFood-Set v1,CC BY 4.0
1.0,lefood-0380,371,tumis bakso,021,leftover dataset/data_before/021/021_368_DSC_0330_bef.JPG,leftover dataset/data_after/021/021_368_DSC_0380_aft.JPG,13,0,0,7,538,391,559,429,389388e3380219669ca84edc677f489ab336813947c8a3a29d1f94c401fff2b2,9f585d8f715610ddc3b404f273d55463b5ef88ee9ff65a4226d06e5b1b1ed186,,true,,3,10.17632/cchsk79jkt.1,LeFood-Set v1,CC BY 4.0
1.0,lefood-0381,372,Dadar jagung goreng,022,leftover dataset/data_before/022/022_380_DSC_0019_bef.JPG,leftover dataset/data_after/022/022_380_DSC_0031_aft.JPG,29,29,1,1,518,380,536,404,c607e53988b766bbe744c5e9d69a62d92d1869ae555358dcf47849855b0a1d85,3832278e7e4cb4adaed1b5c8665f3ca2f63b767f7c359c58ed52b0290c3b1082,,true,,0,10.17632/cchsk79jkt.1,LeFood-Set v1,CC BY 4.0
1.0,lefood-0382,373,Dadar jagung goreng,022,leftover dataset/data_before/022/022_456_DSC_0826_bef.JPG,leftover dataset/data_after/022/022_456_DSC_0882_aft.JPG,34,0,0,7,519,388,503,373,0291e7c2c121983de1bfd3317d0a792073139f6a5bb2563860750a2ada309705,3b1073e30b8c0b0f104f2e160c6c8b8fef45912baa89f56e1c1a3effd74ac73f,,true,,0,10.17632/cchsk79jkt.1,LeFood-Set v1,CC BY 4.0
1.0,lefood-0383,374,Dadar jagung goreng,022,leftover dataset/data_before/022/022_457_DSC_0862_bef.JPG,leftover dataset/data_after/022/022_457_DSC_0912_aft.JPG,31,0,0,7,502,371,503,372,8723e77b212b1418e495589e3ed1f70fdc8bbd8996f031f13de67e61ca692b59,6ee72c580f70860feece54e9fcd7d0a4b00ac07d1cd0d3d41fe5ad087924aef7,,true,,0,10.17632/cchsk79jkt.1,LeFood-Set v1,CC BY 4.0
1.0,lefood-0385,375,Dadar jagung goreng,022,leftover dataset/data_before/022/022_459_DSC_0839_bef.JPG,leftover dataset/data_after/022/022_459_DSC_0875_aft.JPG,28,2,0.071428571428571425,6,511,379,501,372,84a842d245314ae641cdedacceb97ad8135d85f52b30eeb61e833421c78db68a,588079dcae3db2c3e50adcffb546ba363869082f77ee23bb2ecdd7a8ba36675e,,true,,0,10.17632/cchsk79jkt.1,LeFood-Set v1,CC BY 4.0
1.0,lefood-0386,376,Dadar jagung goreng,022,leftover dataset/data_before/022/022_460_DSC_0836_bef.JPG,leftover dataset/data_after/022/022_460_DSC_0874_aft.JPG,19,0,0,7,509,375,500,368,1ebdba360bb13bb10b988933affd8564d41c9a6cbeed77b6b0ce96895dea6b37,0bb1cc76347feb6685f22376f5f6d97b3dc5aba0430fd3cf2dd808ba77d56595,,true,,0,10.17632/cchsk79jkt.1,LeFood-Set v1,CC BY 4.0
1.0,lefood-0387,377,Dadar jagung goreng,022,leftover dataset/data_before/022/022_461_DSC_0838_bef.JPG,leftover dataset/data_after/022/022_461_DSC_0869_aft.JPG,28,0,0,7,513,382,503,377,84754b69185fec3c280b009b932d159b2dd0a7293ec8220fc30624434cdcb858,1d51d6a4ab9b13cf15355013f77876a67f72b87efadf9e552000c37a800086dd,,true,,0,10.17632/cchsk79jkt.1,LeFood-Set v1,CC BY 4.0
1.0,lefood-0388,378,Bali Tahu,023,leftover dataset/data_before/023/023_381_DSC_0064_bef.JPG,leftover dataset/data_after/023/023_381_DSC_0106_aft.JPG,35,33,0.94285714285714284,2,512,366,512,368,944e42c0e45b6415292852f585bc85acd2c50207ed5aefa99b44c96792740ca7,d3110746625c0ad7cfbc36ae157928d063b87165a48d913189f841bac11723d0,,true,,4,10.17632/cchsk79jkt.1,LeFood-Set v1,CC BY 4.0
1.0,lefood-0389,379,Bali Tahu,023,leftover dataset/data_before/023/023_382_DSC_0068_bef.JPG,leftover dataset/data_after/023/023_382_DSC_0093_aft.JPG,41,41,1,1,522,377,506,364,291c928781a6390898fd68a9326f6d1ecd99f735e7d6f6303d8438d0d3931bd6,7f93a0e0500b683d0b96cd3ebb7c7b284466ec93040a71f1fd5e547bdcb4066d,,true,,4,10.17632/cchsk79jkt.1,LeFood-Set v1,CC BY 4.0
1.0,lefood-0391,380,Bali Tahu,023,leftover dataset/data_before/023/023_384_DSC_0046_bef.JPG,leftover dataset/data_after/023/023_384_DSC_0083_aft.JPG,35,34,0.97142857142857142,1,479,345,472,340,c39cd4b966782fe0c4d47aef21710897c728b22b964eaeccb03c267863f32ac1,2fa998982d7da6ef095cdf3bc28ed148fa47ae4a9116012c4edf9e602f338f8f,,true,,4,10.17632/cchsk79jkt.1,LeFood-Set v1,CC BY 4.0
1.0,lefood-0392,381,Bali Tahu,023,leftover dataset/data_before/023/023_385_DSC_0047_bef.JPG,leftover dataset/data_after/023/023_385_DSC_0080_aft.JPG,38,0,0,7,480,343,466,331,047a97ad0451d274484dad914b4ff1fb272e31238478ac7f644eacf751f874d6,cda61d16ff334c56316ee9759be5746aaed288c0f17eeb4e1a9e5ed5deca7b52,,true,,4,10.17632/cchsk79jkt.1,LeFood-Set v1,CC BY 4.0
1.0,lefood-0393,382,Bali Tahu,023,leftover dataset/data_before/023/023_386_DSC_0051_bef.JPG,leftover dataset/data_after/023/023_386_DSC_0090_aft.JPG,67,64,0.95522388059701491,1,471,340,463,333,58300309a1889fe134924280e9a5f2bd3b14a32dc921dab448b5ed72a20cca71,adbd96d2bdf58a8e775e5215767e40a2fffd371e0475ad83310984e5711f47c7,,true,,4,10.17632/cchsk79jkt.1,LeFood-Set v1,CC BY 4.0
1.0,lefood-0394,383,Bali Tahu,023,leftover dataset/data_before/023/023_387_DSC_0040_bef.JPG,leftover dataset/data_after/023/023_387_DSC_0076_aft.JPG,51,47,0.92156862745098034,1,435,312,429,310,aa075cf9be9cbbfdda38ad21a5a2265de698e3d88ee4452f218f95409cea50c2,1b1a6ee513c52754f9d8046f874853ba618953cdf665aa462064042b6131e6d1,,true,,4,10.17632/cchsk79jkt.1,LeFood-Set v1,CC BY 4.0
1.0,lefood-0395,384,Bali Tahu,023,leftover dataset/data_before/023/023_388_DSC_0063_bef.JPG,leftover dataset/data_after/023/023_388_DSC_0104_aft.JPG,34,0,0,7,518,374,504,357,b1b223d07ece8cee017cfbb1e10c0169aa82ddf3e0b73efe49523661e5a63eca,a73d0df661e8d973e0c642340ae22bc11e8b6dcfb4da312728fbcb8f5e99ca0c,dup-15f25e4070f6,true,,4,10.17632/cchsk79jkt.1,LeFood-Set v1,CC BY 4.0
1.0,lefood-0396,385,Bali Tahu,023,leftover dataset/data_before/023/023_429_DSC_0545_bef.JPG,leftover dataset/data_after/023/023_429_DSC_0589_aft.JPG,41,41,1,1,516,389,535,402,0dfe0aaeab15fc0ad2780c109bde2e6cc779528fa70f28ce66cb3d71657a63cd,96a021abed15f63a74234a049d0d24caea8adbdf2eaf6ed42a2f07f725790219,,true,,4,10.17632/cchsk79jkt.1,LeFood-Set v1,CC BY 4.0
1.0,lefood-0397,386,Bali Tahu,023,leftover dataset/data_before/023/023_430_DSC_0543_bef.JPG,leftover dataset/data_after/023/023_430_DSC_0596_aft.JPG,25,0,0,7,519,388,537,405,42df5ed0ffe9c3f7536b6fdafdb536ddba5a6cc2471c246bcce818c78e463cef,6bbbeb2298ddb00f0b227adc68c89aa9db955d1b61329e95bc96926cd21dc358,,true,,4,10.17632/cchsk79jkt.1,LeFood-Set v1,CC BY 4.0
1.0,lefood-0398,387,Bali Tahu,023,leftover dataset/data_before/023/023_432_DSC_0533_bef.JPG,leftover dataset/data_after/023/023_432_DSC_0535_aft.JPG,18,18,1,1,482,366,479,358,667c19393a6e787822ac79402577b512437149f74a89caf6c0ebee5d50ef01e6,5fe42f4dcc21841f270fbc688aff7c257751e34d68f222a630cc94ce09e3ac5f,,true,,4,10.17632/cchsk79jkt.1,LeFood-Set v1,CC BY 4.0
1.0,lefood-0399,388,Bali Tahu,023,leftover dataset/data_before/023/023_477_DSC_0065_bef.JPG,leftover dataset/data_after/023/023_477_DSC_0092_aft.JPG,18,0,0,7,515,389,517,388,30961d23e5b486c709d14f2e0d5c38a3bd84015267a4e0b3c36859b673557a11,3ed2df42642a92ab098d9164064a0e41506b4f622f73b05556b93c86d355bd03,,true,,4,10.17632/cchsk79jkt.1,LeFood-Set v1,CC BY 4.0
1.0,lefood-0400,389,Bali Tahu,023,leftover dataset/data_before/023/023_478_DSC_0064_bef.JPG,leftover dataset/data_after/023/023_478_DSC_0070_aft.JPG,30,0,0,7,522,396,518,394,c6b33b2f7e08dccbf029d0b3472f7de40c3d028c7923961100c0e9d85075b13d,90a834b8ab027870945f172411a4853d3f2002ca6331b8efbc530cefa51322c8,,true,,4,10.17632/cchsk79jkt.1,LeFood-Set v1,CC BY 4.0
1.0,lefood-0401,390,Bali Tahu,023,leftover dataset/data_before/023/023_479_DSC_0068_bef.JPG,leftover dataset/data_after/023/023_479_DSC_0083_aft.JPG,18,0,0,7,514,387,519,391,e217a15217a7dde1725b13d83e50512d1181f42c339dbdb812a320cea6ee58ee,6dfa16039d114e0bc43eec75ff6e5c1b87c7255118febbccd1ed7aadcf61ad80,,true,,4,10.17632/cchsk79jkt.1,LeFood-Set v1,CC BY 4.0
1.0,lefood-0402,391,Bali Tahu,023,leftover dataset/data_before/023/023_480_DSC_0069_bef.JPG,leftover dataset/data_after/023/023_480_DSC_0081_aft.JPG,20,0,0,7,522,394,515,384,dbe7169a0664fe1f15d275fd8f0e9fd4d99d4767e1583ba51c5ade67457faab4,4c905ae4c470a6d5835aefd9196ec0a72780cd1950f557869b76150f1a3d5b9e,,true,,4,10.17632/cchsk79jkt.1,LeFood-Set v1,CC BY 4.0
1.0,lefood-0403,392,Bali Tahu,023,leftover dataset/data_before/023/023_481_DSC_0046_bef.JPG,leftover dataset/data_after/023/023_481_DSC_0075_aft.JPG,35,34,0.97142857142857142,1,469,350,476,362,ef03e112d354b2f692db42bb09377ce5c698457f615b8913d302a049b7d717c2,bea1f0fdfebc57531d57e55e8784acf69a0107190d6f4c21c4e8f0c682f3f2ce,,true,,4,10.17632/cchsk79jkt.1,LeFood-Set v1,CC BY 4.0
1.0,lefood-0404,393,Bali Tahu,023,leftover dataset/data_before/023/023_482_DSC_0029_bef.JPG,leftover dataset/data_after/023/023_482_DSC_0097_aft.JPG,35,0,0,7,466,344,475,359,983174a46085cfbeef06b35df1c95793f23c2be319f46ef923b2b2d3a4aee362,aa374b04dba1a444509da8a435c4b9262946da23d4de5496efc83a8d1ad59f30,,true,,4,10.17632/cchsk79jkt.1,LeFood-Set v1,CC BY 4.0
1.0,lefood-0405,394,Bali Tahu,023,leftover dataset/data_before/023/023_483_DSC_0035_bef.JPG,leftover dataset/data_after/023/023_483_DSC_0106_aft.JPG,35,0,0,7,465,352,468,355,2781514b0242f7174698da0ee731fa16afeb94506f39500dccee4705b5cf50b6,be06196232c5a137d51975bcd0e27aeaccd28d53991a595ad93c76114b87b7d7,,true,,4,10.17632/cchsk79jkt.1,LeFood-Set v1,CC BY 4.0
1.0,lefood-0407,395,Bali Tahu,023,leftover dataset/data_before/023/023_485_DSC_0041_bef.JPG,leftover dataset/data_after/023/023_485_DSC_0122_aft.JPG,36,35,0.97222222222222221,1,479,357,479,362,41d8bc37f7591e28059cb5a7d1a9e8d225fd1c6f2c18a207192baf7b0556ff06,a8cdc6dded5210a8930358295f14f06ea7369380abb6214ed71ac3eb2cfa5566,,true,,4,10.17632/cchsk79jkt.1,LeFood-Set v1,CC BY 4.0
1.0,lefood-0408,396,Bali Tahu,023,leftover dataset/data_before/023/023_486_DSC_0021_bef.JPG,leftover dataset/data_after/023/023_486_DSC_0110_aft.JPG,36,0,0,7,466,342,472,354,2bf29ac79edf3e6f3b2a92c1ffc1b398accb548acf4efad3a2a81a8f13ef2db4,fc48000ed18cae96d0a0a6935b0ed9e8cf9daae9e4e1ac1d12f0bb029ad99831,,true,,4,10.17632/cchsk79jkt.1,LeFood-Set v1,CC BY 4.0
1.0,lefood-0409,397,Bali Tahu,023,leftover dataset/data_before/023/023_522_DSC_0441_bef.JPG,leftover dataset/data_after/023/023_522_DSC_0471_aft.JPG,35,34,0.97142857142857142,1,450,329,485,362,8922048ae8def47a1c936878e26b1504e6e39064ed75c4ab1084cf9e80b0d016,5e1181ce5348093800218c02ea87635fb6feed0e1f0f4d1d2a469d9ed03cac7e,,true,,4,10.17632/cchsk79jkt.1,LeFood-Set v1,CC BY 4.0
1.0,lefood-0410,398,Bali Tahu,023,leftover dataset/data_before/023/023_523_DSC_0443_bef.JPG,leftover dataset/data_after/023/023_523_DSC_0465_aft.JPG,43,38,0.88372093023255816,2,491,357,527,394,72b5e2ae94be724d7cb649631ef978a4d1c1c377ac2fd51732f641a16d47ad41,65e0db84a82d168e3d403643a81dec2fadb12b19e803a5b0449f658292692f6a,,true,,4,10.17632/cchsk79jkt.1,LeFood-Set v1,CC BY 4.0
1.0,lefood-0411,399,Bali Tahu,023,leftover dataset/data_before/023/023_524_DSC_0450_bef.JPG,leftover dataset/data_after/023/023_524_DSC_0475_aft.JPG,36,36,1,1,462,345,493,371,aacddb1b415b8953f4e90364840ee88c43a2ab1cbe0252454400c2277f65d925,16b4627b77b8d02c7ef59f816ba26816b6a25bd0282687dd1c29e46713fdeabe,,true,,4,10.17632/cchsk79jkt.1,LeFood-Set v1,CC BY 4.0
1.0,lefood-0412,400,Perkedel Kentang,024,leftover dataset/data_before/024/024_389_DSC_0129_bef.JPG,leftover dataset/data_after/024/024_389_DSC_0166_aft.JPG,34,34,1,1,524,392,528,394,ca4b6552f42bf5114ec150698496c559639b7d3f1289d55c39e86020c190f7fd,89093b3f12fef765ff093c8b10b92df6a5072de1ecdebbed69bdcd49fa6e85ca,,true,,4,10.17632/cchsk79jkt.1,LeFood-Set v1,CC BY 4.0
1.0,lefood-0413,401,Perkedel Kentang,024,leftover dataset/data_before/024/024_390_DSC_0147_bef.JPG,leftover dataset/data_after/024/024_390_DSC_0171_aft.JPG,32,0,0,7,523,391,547,407,987db803f8ffb26438bdb6a1a4be998333cd3b89e921c4db35b1ed10788bc681,6ce73fec08fe459749de2a941a1172997a4b1d51dc1340eb67c9047396e4cac5,,true,,4,10.17632/cchsk79jkt.1,LeFood-Set v1,CC BY 4.0
1.0,lefood-0414,402,Perkedel Kentang,024,leftover dataset/data_before/024/024_391_DSC_0159_bef.JPG,leftover dataset/data_after/024/024_391_DSC_0174_aft.JPG,32,0,0,7,527,396,551,412,aeba411f7ee05ea8b6e4190d4d7ab29dc3a7a218455b1314e01627a62fbd8f1e,406210da85008fe8121bfccabb82e27856de2786e4296047192592853b80f323,,true,,4,10.17632/cchsk79jkt.1,LeFood-Set v1,CC BY 4.0
1.0,lefood-0415,403,Perkedel Kentang,024,leftover dataset/data_before/024/024_416_DSC_0453_bef.JPG,leftover dataset/data_after/024/024_416_DSC_0512_aft.JPG,34,0,0,7,499,373,522,392,b26c8fefbf3dd8ac28097af7586f20a770e395a7938a5f0f3c9b12b5e79f9144,733c1baf3e88d4b4e1c7469fe123c0b4830c7d0187d8fe736cd7db7ba3eb2dad,,true,,4,10.17632/cchsk79jkt.1,LeFood-Set v1,CC BY 4.0
1.0,lefood-0416,404,Perkedel Kentang,024,leftover dataset/data_before/024/024_417_DSC_0457_bef.JPG,leftover dataset/data_after/024/024_417_DSC_0508_aft.JPG,36,36,1,1,509,387,517,387,e7492e2c5ee2519f7bb1b7091166cc0dcb52c171f520bd95f7f982a4a9ce1485,fa2213764b68040015beeb2b5da89a77d16b437cafbf55400b50cb85e8af009b,,true,,4,10.17632/cchsk79jkt.1,LeFood-Set v1,CC BY 4.0
1.0,lefood-0417,405,Perkedel Kentang,024,leftover dataset/data_before/024/024_418_DSC_0446_bef.JPG,leftover dataset/data_after/024/024_418_DSC_0476_aft.JPG,33,0,0,7,501,373,513,378,164a0981b41e992cfd6ca8018f2b9e05d0e1c4e350a5471b6a4036b65ca9e038,bc01ab15c2ee9d5af9ff1c9de6f747bcce3af0adf3b73b4bee16e45e9b999eff,,true,,4,10.17632/cchsk79jkt.1,LeFood-Set v1,CC BY 4.0
1.0,lefood-0418,406,Perkedel Kentang,024,leftover dataset/data_before/024/024_419_DSC_0442_bef.JPG,leftover dataset/data_after/024/024_419_DSC_0481_aft.JPG,31,0,0,7,502,377,504,368,ba5276948099b9ab922076a6a5376810a6fe5fae293ebacc6e036682a11cecbb,6343df161f9ee33d70b1ace80962278a48a5d1728b11043c6276f413386d0950,,true,,4,10.17632/cchsk79jkt.1,LeFood-Set v1,CC BY 4.0
1.0,lefood-0419,407,Perkedel Kentang,024,leftover dataset/data_before/024/024_420_DSC_0443_bef.JPG,leftover dataset/data_after/024/024_420_DSC_0474_aft.JPG,41,0,0,7,504,379,518,387,043e9247c7ae32d301030029b1345952b7f8f000783fa5b85939a4331a8d628b,828db54dfdaf2d91ebb70df4fe382c017c1bb62c85464785bed1096d92bcced5,,true,,4,10.17632/cchsk79jkt.1,LeFood-Set v1,CC BY 4.0
1.0,lefood-0420,408,Perkedel Kentang,024,leftover dataset/data_before/024/024_421_DSC_0462_bef.JPG,leftover dataset/data_after/024/024_421_DSC_0496_aft.JPG,33,0,0,7,506,383,519,385,9fb99e61ec9d87b2193e8283ef182c6e6a33c1711f6f7df377c52513b346f56c,2b6aad6b0ff62e1169b8a8f6c2778ed059be02ba686b1f253aef38295dda9ea2,,true,,4,10.17632/cchsk79jkt.1,LeFood-Set v1,CC BY 4.0
1.0,lefood-0421,409,Perkedel Kentang,024,leftover dataset/data_before/024/024_422_DSC_0464_bef.JPG,leftover dataset/data_after/024/024_422_DSC_0502_aft.JPG,32,0,0,7,501,377,513,380,96f290dde9019b8b64fb2194ae6a1895387c2f77ccc6b8a2fab2b54b920fd907,f7b6f5a41db0a386ccf57b6638a74c396a53db086cf981b4041598407b488972,,true,,4,10.17632/cchsk79jkt.1,LeFood-Set v1,CC BY 4.0
1.0,lefood-0422,410,Perkedel Kentang,024,leftover dataset/data_before/024/024_423_DSC_0437_bef.JPG,leftover dataset/data_after/024/024_423_DSC_0488_aft.JPG,27,0,0,7,499,372,512,379,884e1303f0e1796c1fdb7dfd9d285189fd2e33d3b4be42a0de1661e2b23fad11,7324e118b399e53b5a723df19cce1986ed73b0d3225d4aa90ea0f466a3df43d3,,true,,4,10.17632/cchsk79jkt.1,LeFood-Set v1,CC BY 4.0
1.0,lefood-0423,411,Perkedel Kentang,024,leftover dataset/data_before/024/024_424_DSC_0435_bef.JPG,leftover dataset/data_after/024/024_424_DSC_0491_aft.JPG,35,15,0.42857142857142855,4,508,384,521,388,d14f8ef8a92aa01506bd05ce2a09f2d0b8b1cc0cbe23e099ef86b8658846a56d,eddf11f371e9bee8370208283ef3168769d5afc92013246cdca0a3381c3b1adb,,true,,4,10.17632/cchsk79jkt.1,LeFood-Set v1,CC BY 4.0
1.0,lefood-0424,412,Perkedel Kentang,024,leftover dataset/data_before/024/024_425_DSC_0439_bef.JPG,leftover dataset/data_after/024/024_425_DSC_0485_aft.JPG,28,0,0,7,503,376,525,395,875e782fbe128ec9720674d6b9ce80ea2db455e9e3ddf83c26c0fe890714b411,b91af39cff89e32c3f58048ccefba44af4fd3836c13af516691992a5214e400d,,true,,4,10.17632/cchsk79jkt.1,LeFood-Set v1,CC BY 4.0
1.0,lefood-0425,413,Perkedel Kentang,024,leftover dataset/data_before/024/024_507_DSC_0350_bef.JPG,leftover dataset/data_after/024/024_507_DSC_0395_aft.JPG,28,29,1.0357142857142858,1,549,413,552,420,93b2f9f87f5af1ab76d675556d9eaefe5e5ae982cb2eeca48aeb920358d60d76,6487ba8887ce757d0c6187643b503044987a6782a3bbc34eb0225a88e1443bca,,false,after_mass_exceeds_before_mass,4,10.17632/cchsk79jkt.1,LeFood-Set v1,CC BY 4.0
1.0,lefood-0426,414,Perkedel Kentang,024,leftover dataset/data_before/024/024_508_DSC_0349_bef.JPG,leftover dataset/data_after/024/024_508_DSC_0389_aft.JPG,27,0,0,7,554,420,555,428,8c7656eea88da097294b871c9ec27383d4bd86cd6f4cfb552ce186c687e62c2d,1a162c84f70e984b666eb0cccdad48650cb6fccf85a8815c11a98d7af5cbfeb6,,true,,4,10.17632/cchsk79jkt.1,LeFood-Set v1,CC BY 4.0
1.0,lefood-0427,415,Perkedel Kentang,024,leftover dataset/data_before/024/024_509_DSC_0351_bef.JPG,leftover dataset/data_after/024/024_509_DSC_0391_aft.JPG,27,16,0.59259259259259256,4,551,413,557,423,088dcdc9c7ae2d9467940da218301e39904bd09ead1a90709d976150713b3cf1,4cc7746fca0f086c327e6cb267906656c3cf48acb30db828a583839f906cbf18,,true,,4,10.17632/cchsk79jkt.1,LeFood-Set v1,CC BY 4.0
1.0,lefood-0428,416,Perkedel Kentang,024,leftover dataset/data_before/024/024_510_DSC_0336_bef.JPG,leftover dataset/data_after/024/024_510_DSC_0372_aft.JPG,24,0,0,7,552,415,546,411,a781aec253ed01c58ed7925cff3423cab1f20c92500e5c4c3e87cb6952f2b3de,b40fcbb9a466e3cd3b0eb4e9ede06ed3b18089e7c187bd1b15dabbd42becfa5f,,true,,4,10.17632/cchsk79jkt.1,LeFood-Set v1,CC BY 4.0
1.0,lefood-0429,417,Perkedel Kentang,024,leftover dataset/data_before/024/024_511_DSC_0338_bef.JPG,leftover dataset/data_after/024/024_511_DSC_0375_aft.JPG,24,8,0.33333333333333331,5,544,403,548,413,5f291f0cdd7164c9f07868406dacab5f986af304d9d7569b43f86c080e479176,46cc28b359a94d063ecd32f1ba4f2bb3496bbbf48c65d56d0fb84d65e1c79d96,,true,,4,10.17632/cchsk79jkt.1,LeFood-Set v1,CC BY 4.0
1.0,lefood-0430,418,Perkedel Kentang,024,leftover dataset/data_before/024/024_512_DSC_0322_bef.JPG,leftover dataset/data_after/024/024_512_DSC_0365_aft.JPG,27,0,0,7,559,423,547,413,73854f537f8a80255480ee1f39b93ede1ced8283828be9e9d5f25acbf8e385c7,985c315242d9fa07c6158625f592aa30ab5206183fc7411248ba5d6782ec4945,,true,,4,10.17632/cchsk79jkt.1,LeFood-Set v1,CC BY 4.0
1.0,lefood-0431,419,Perkedel Kentang,024,leftover dataset/data_before/024/024_513_DSC_0318_bef.JPG,leftover dataset/data_after/024/024_513_DSC_0402_aft.JPG,26,0,0,7,547,410,559,427,a02e3f465b28e7297eed04b220811ad4ea55e9cd09527b0a3303015f144cadc4,ba224c2beb27b316551ae4b49d23df8b7052be09e98098a4a057c2b19e5417e4,,true,,4,10.17632/cchsk79jkt.1,LeFood-Set v1,CC BY 4.0
1.0,lefood-0432,420,Perkedel Kentang,024,leftover dataset/data_before/024/024_514_DSC_0315_bef.JPG,leftover dataset/data_after/024/024_514_DSC_0368_aft.JPG,25,0,0,7,543,406,548,414,9f684847335159eddf92fa454b2ea823c8bfcba0ec5e62219bc3a021433b483b,882a4185b1e67ceaaabe3b4122521660edec969107c7ed5c866637be3d290b4d,,true,,4,10.17632/cchsk79jkt.1,LeFood-Set v1,CC BY 4.0
1.0,lefood-0433,421,Perkedel Kentang,024,leftover dataset/data_before/024/024_515_DSC_0327_bef.JPG,leftover dataset/data_after/024/024_515_DSC_0381_aft.JPG,28,0,0,7,543,402,559,427,f01134a922809030577ac87b37bb8fa337f6a18ef3690ee4f13ead9d416806d5,7f20de680f9087b8aa325f203a4efbd68eff62e08481b950996a16f88a1c419f,,true,,4,10.17632/cchsk79jkt.1,LeFood-Set v1,CC BY 4.0
1.0,lefood-0434,422,Tahu goreng,025,leftover dataset/data_before/025/025_392_DSC_0183_bef.JPG,leftover dataset/data_after/025/025_392_DSC_0261_aft.JPG,20,0,0,7,510,380,542,409,1bfabb6b17632e7da85022d692cefd9502b07d72980ee68869fe154b5d8f54be,93b17799b8ae0559701388a6367fcef64325021121cd8274104492caa2c9fae0,,true,,2,10.17632/cchsk79jkt.1,LeFood-Set v1,CC BY 4.0
1.0,lefood-0435,423,Tahu bumbu kecap,026,leftover dataset/data_before/026/026_393_DSC_0178_bef.JPG,leftover dataset/data_after/026/026_393_DSC_0229_aft.JPG,32,0,0,7,489,375,547,410,ec27f545b9a48c08c0b465ef0d25263f5356c9f35cfd1d4a14e75976061aaba9,77551b8196ca6b882073e7f95e23bb7d16e1d72895407ba7b565267e0d655cd1,,true,,3,10.17632/cchsk79jkt.1,LeFood-Set v1,CC BY 4.0
1.0,lefood-0436,424,Tahu bumbu kecap,026,leftover dataset/data_before/026/026_394_DSC_0186_bef.JPG,leftover dataset/data_after/026/026_394_DSC_0236_aft.JPG,35,29,0.82857142857142863,2,511,380,541,400,93368080c88ff34763985a5bc08e40593d37c7238e843c7f9dc3f58d3ddf0dcf,8738090f5f28dc2d849b662254ae5c1161ad8dbafc0688b004bf5f5f3045d829,,true,,3,10.17632/cchsk79jkt.1,LeFood-Set v1,CC BY 4.0
1.0,lefood-0437,425,Tahu bumbu kecap,026,leftover dataset/data_before/026/026_395_DSC_0203_bef.JPG,leftover dataset/data_after/026/026_395_DSC_0242_aft.JPG,46,27,0.58695652173913049,4,514,385,535,400,aa81dbfa099d17cba05f10306891cca7aa9fabd176b966d17c002dbeeaceb958,495f700005ef15045624e22c8815e8247665ba489f09d020d2f488b852faffcb,,true,,3,10.17632/cchsk79jkt.1,LeFood-Set v1,CC BY 4.0
1.0,lefood-0438,426,Tahu bumbu kecap,026,leftover dataset/data_before/026/026_396_DSC_0210_bef.JPG,leftover dataset/data_after/026/026_396_DSC_0253_aft.JPG,57,37,0.64912280701754388,3,519,393,542,403,a19af5e521032b86c8359577548dce6842156a0583bf77b482f1bf533dfc7814,92c40bde67d810ae3bbc820fab768e1c8e6dead4744571577d486e563007030c,,true,,3,10.17632/cchsk79jkt.1,LeFood-Set v1,CC BY 4.0
1.0,lefood-0439,427,Tahu bumbu kecap,026,leftover dataset/data_before/026/026_397_DSC_0181_bef.JPG,leftover dataset/data_after/026/026_397_DSC_0225_aft.JPG,48,0,0,7,505,372,542,403,bb6d6a210907018912574b1de6e8357e461d795fda60fe557fea744a96002446,18b4263a0b74adb7376c236ad0ae0eb3aec95bfc897a0bffffbbffd34f96dbfb,,true,,3,10.17632/cchsk79jkt.1,LeFood-Set v1,CC BY 4.0
1.0,lefood-0440,428,Tahu bumbu kecap,026,leftover dataset/data_before/026/026_398_DSC_0192_bef.JPG,leftover dataset/data_after/026/026_398_DSC_0234_aft.JPG,40,0,0,7,515,385,529,386,5ccb6045e4847c6791471c412723513798ab0d51fa086eaa09bb2bd894a12e34,299b14cd98d76374011d712df6e4be8715b52c1836497da774c6bafc48a7b8f5,,true,,3,10.17632/cchsk79jkt.1,LeFood-Set v1,CC BY 4.0
1.0,lefood-0441,429,Tahu bumbu kecap,026,leftover dataset/data_before/026/026_399_DSC_0214_bef.JPG,leftover dataset/data_after/026/026_399_DSC_0245_aft.JPG,37,24,0.64864864864864868,4,511,378,536,398,bd21d6b6470a02847891cc56e0e5f8641585579e6a1f795f506fd603dcc458cf,31491b867591f54edb96a2f7f9f7c3fc4c90aad5d090fbb68e2640d8b63811de,,true,,3,10.17632/cchsk79jkt.1,LeFood-Set v1,CC BY 4.0
1.0,lefood-0442,430,Tahu bumbu kecap,026,leftover dataset/data_before/026/026_400_DSC_0218_bef.JPG,leftover dataset/data_after/026/026_400_DSC_0250_aft.JPG,40,37,0.92500000000000004,1,516,397,543,404,2697374cacf878838863b26b610adffc07c86e444b0cffe0d6f38ff2e27acb4f,3ed511912dcf7a6618b793bbd68a64a8230e43ed2a7ae4bfec51ec93893b4a8e,,true,,3,10.17632/cchsk79jkt.1,LeFood-Set v1,CC BY 4.0
1.0,lefood-0443,431,Tahu bumbu kecap,026,leftover dataset/data_before/026/026_487_DSC_0125_bef.JPG,leftover dataset/data_after/026/026_487_DSC_0176_aft.JPG,31,25,0.80645161290322576,2,570,426,520,389,d3149451a7dd4c0ee5a316ac39e5e93500f5b33f01bf136edb2d8d04b2989820,544e13298123761ab0c5331554fd34f20390fbf7ff333f3d507004f94132fb2c,,true,,3,10.17632/cchsk79jkt.1,LeFood-Set v1,CC BY 4.0
1.0,lefood-0444,432,Tahu bumbu kecap,026,leftover dataset/data_before/026/026_488_DSC_0128_bef.JPG,leftover dataset/data_after/026/026_488_DSC_0184_aft.JPG,37,33,0.89189189189189189,1,575,431,521,389,4a27732156a46f16636a5bcbf24814c5c5d845fa28fb248ca7d8180be26a4dc1,79d7ab8fbe876e000887023ef4c813866d9dbaa52256647e18630717f0b1abb9,,true,,3,10.17632/cchsk79jkt.1,LeFood-Set v1,CC BY 4.0
1.0,lefood-0445,433,Tahu bumbu kecap,026,leftover dataset/data_before/026/026_489_DSC_0131_bef.JPG,leftover dataset/data_after/026/026_489_DSC_0188_aft.JPG,36,0,0,7,569,420,522,386,bb4638d112d15b1d6308bfa12692967341886ea0f6890d9cb385dfbfd1048d87,a624ee0b8d8627bb2c62cdfc15458acf4d37a1916d253ebd4cfd7c4914f63223,,true,,3,10.17632/cchsk79jkt.1,LeFood-Set v1,CC BY 4.0
1.0,lefood-0446,434,Tahu bumbu kecap,026,leftover dataset/data_before/026/026_490_DSC_0130_bef.JPG,leftover dataset/data_after/026/026_490_DSC_0191_aft.JPG,36,35,0.97222222222222221,1,567,420,522,393,9e6450d00fe5f1b5ccfbde0ac642699bcb8bd3aa92990434bd85c818a19f510f,c67c19d542627040e8233f0dd42d8766e2b10404c7eebccefd75cda4fff2b41f,,true,,3,10.17632/cchsk79jkt.1,LeFood-Set v1,CC BY 4.0
1.0,lefood-0447,435,Tahu bumbu kecap,026,leftover dataset/data_before/026/026_491_DSC_0135_bef.JPG,leftover dataset/data_after/026/026_491_DSC_0171_aft.JPG,29,28,0.96551724137931039,1,568,421,520,390,56232a452b4b6047f326549d68b845b9932ad80fc4620272954cdbbeaed0d852,880c257c6d8d20a658ed6bd99064bb447c808e2b9874085bbef6d674763ab17c,,true,,3,10.17632/cchsk79jkt.1,LeFood-Set v1,CC BY 4.0
1.0,lefood-0448,436,Tahu bumbu kecap,026,leftover dataset/data_before/026/026_492_DSC_0134_bef.JPG,leftover dataset/data_after/026/026_492_DSC_0179_aft.JPG,36,0,0,7,569,430,531,401,aa651140da1a0bf39e5b79c3079e6a512bfc07cb01c1c66f5176089126b3c181,b47fecca5cd775ff59c39980da19cbed57902dd0f0918fd2c30cdfa00836f5c7,,true,,3,10.17632/cchsk79jkt.1,LeFood-Set v1,CC BY 4.0
1.0,lefood-0449,437,Tahu bumbu kecap,026,leftover dataset/data_before/026/026_493_DSC_0154_bef.JPG,leftover dataset/data_after/026/026_493_DSC_0206_aft.JPG,43,37,0.86046511627906974,3,523,391,483,363,9dd4ae640fa28f2856b8daccf1795ed4f07b578a3fb8f84f5470b9d7ce3c7552,f386c3a87a8e9c4be8ac61640f05bdce1c585412bf16cd2ca26d59c28ec86bce,,true,,3,10.17632/cchsk79jkt.1,LeFood-Set v1,CC BY 4.0
1.0,lefood-0450,438,Tahu bumbu kecap,026,leftover dataset/data_before/026/026_494_DSC_0158_bef.JPG,leftover dataset/data_after/026/026_494_DSC_0214_aft.JPG,41,8,0.1951219512195122,6,524,392,487,370,1f46de875afe6dea2e3e84d0e0be93c60e8b43141ad7796833bbecccdb618e01,aad101484fed4adafe8b085c0b9d5471414f710c5d4e130e1f05bb05e451952d,,true,,3,10.17632/cchsk79jkt.1,LeFood-Set v1,CC BY 4.0
1.0,lefood-0451,439,Tahu bumbu kecap,026,leftover dataset/data_before/026/026_495_DSC_0152_bef.JPG,leftover dataset/data_after/026/026_495_DSC_0202_aft.JPG,45,40,0.88888888888888884,2,532,398,488,370,1c9015dd0f12ba56709b0f76cbb87a67f01f4b8821e2532c7edb2520677f27b1,2642a65c0047f4542b7f1685abbf5e5caa3473f1604954eefda66794e9328c73,,true,,3,10.17632/cchsk79jkt.1,LeFood-Set v1,CC BY 4.0
1.0,lefood-0452,440,Tahu bumbu kecap,026,leftover dataset/data_before/026/026_496_DSC_0156_bef.JPG,leftover dataset/data_after/026/026_496_DSC_0210_aft.JPG,40,26,0.65000000000000002,4,528,392,487,366,bf8ad84096c58a83b0a12a98c7b83ee61f272e3548182cfb04030ae217cc33d1,0b9c4c2710f0af3d952084cf5b11cb0ca0958d3e77d42dd9a86edf43ad79eb35,,true,,3,10.17632/cchsk79jkt.1,LeFood-Set v1,CC BY 4.0
1.0,lefood-0453,441,Tahu bumbu kecap,026,leftover dataset/data_before/026/026_497_DSC_0150_bef.JPG,leftover dataset/data_after/026/026_497_DSC_0198_aft.JPG,36,0,0,7,569,425,519,387,2cbf7a72f6c3f4cecef9a12410dbade09bd08512ddbc765cd1bc5ac84729c2eb,34cf60b7329bd167d3c4a6cff0ad090029f86e0cd55ae666c34e037c6b0b8293,,true,,3,10.17632/cchsk79jkt.1,LeFood-Set v1,CC BY 4.0
1.0,lefood-0454,442,Tempe bb Kuning,027,leftover dataset/data_before/027/027_401_DSC_0270_bef.JPG,leftover dataset/data_after/027/027_401_DSC_0324_aft.JPG,37,4,0.10810810810810811,6,532,397,499,366,5b380fcf034944b79ed72b050a9fcefe2c8f0a37ed73369fd1aa172045565d92,f5d6cb3af5f59574359e970dd4c7fcc3f79326e03497f0200f504c558574dc6e,,true,,4,10.17632/cchsk79jkt.1,LeFood-Set v1,CC BY 4.0
1.0,lefood-0456,443,Tempe bb Kuning,027,leftover dataset/data_before/027/027_404_DSC_0272_bef.JPG,leftover dataset/data_after/027/027_404_DSC_0306_aft.JPG,66,33,0.5,4,531,390,492,357,bc1d96474a79d77fa1f4531e0f6f6966013a0b5f2a9f7531f7eb1eb38ce2e27b,16dd077d6ad22582c972949009677699e8b77a64aa352cfd01acea37bac4a132,,true,,4,10.17632/cchsk79jkt.1,LeFood-Set v1,CC BY 4.0
1.0,lefood-0457,444,Tempe bb Kuning,027,leftover dataset/data_before/027/027_405_DSC_0276_bef.JPG,leftover dataset/data_after/027/027_405_DSC_0303_aft.JPG,55,0,0,7,539,401,463,344,8aa5a886fe6b70633840ba41db13836a4adbeab861a726d7f795091c1dcfceb6,cf19c188f4a3be8bc09f12fb93b8be07982d5138b22e77bc09976251fbaaefc6,,true,,4,10.17632/cchsk79jkt.1,LeFood-Set v1,CC BY 4.0
1.0,lefood-0458,445,Tempe goreng,028,leftover dataset/data_before/028/028_403_DSC_0283_bef.JPG,leftover dataset/data_after/028/028_403_DSC_0341_aft.JPG,33,0,0,7,541,407,507,367,0b3afdaa63b159fda8c5b6241bcd880b8d6b52f23dcb0fdd319e45208eb10069,264f557223352b466eca3ad9f5d0543b9b602578fdcced727a3e8ac6af5d4b0f,,true,,2,10.17632/cchsk79jkt.1,LeFood-Set v1,CC BY 4.0
1.0,lefood-0459,446,Tempe goreng,028,leftover dataset/data_before/028/028_406_DSC_0285_bef.JPG,leftover dataset/data_after/028/028_406_DSC_0317_aft.JPG,48,48,1,1,545,411,500,369,27259585116cb4593e7ca0ab568e2914c029d7c245be07370a4850d529265880,f71b78c4bd02dd00bb96f143053690a097eb3bb15a3d106bcdec01ad87e9687f,,true,,2,10.17632/cchsk79jkt.1,LeFood-Set v1,CC BY 4.0
1.0,lefood-0460,447,Tempe goreng,028,leftover dataset/data_before/028/028_498_DSC_0224_bef.JPG,leftover dataset/data_after/028/028_498_DSC_0273_aft.JPG,24,25,1.0416666666666667,1,522,392,523,387,418acc7630a737ff22d60e786635b94785a166c07e0cb113390c7fdf3b386968,ef07181fb37381bed8dce452956d51691af77e706429d1f3f7ead728c20370fb,,false,after_mass_exceeds_before_mass,2,10.17632/cchsk79jkt.1,LeFood-Set v1,CC BY 4.0
1.0,lefood-0461,448,Tempe goreng,028,leftover dataset/data_before/028/028_499_DSC_0251_bef.JPG,leftover dataset/data_after/028/028_499_DSC_0304_aft.JPG,28,0,0,7,525,398,531,399,bbf9a1093567f1d15fdf832add5b0d8971247bbd238e0975f8b2aa5cbcd5f81e,13fc7c8f26abb02ac4e6b6297d983f0fb6c8749e5057d8dd70123f04234e1961,,true,,2,10.17632/cchsk79jkt.1,LeFood-Set v1,CC BY 4.0
1.0,lefood-0462,449,Tempe goreng,028,leftover dataset/data_before/028/028_500_DSC_0254_bef.JPG,leftover dataset/data_after/028/028_500_DSC_0308_aft.JPG,28,0,0,7,522,395,529,397,14f88f6be0347570dd3818b312211e1badf1fe7e2d59ea44f9339d1738c36860,592af3ad84e8728c04dca95ffae9806b144532c87f6f0f7806dfe39cade76e95,,true,,2,10.17632/cchsk79jkt.1,LeFood-Set v1,CC BY 4.0
1.0,lefood-0463,450,Tempe goreng,028,leftover dataset/data_before/028/028_501_DSC_0261_bef.JPG,leftover dataset/data_after/028/028_501_DSC_0270_aft.JPG,34,32,0.94117647058823528,1,525,390,525,386,064a849b877ace39a1c7a3ef175b019b8354a0808d4a653d477ac12c743f33c7,fd856a17547fc8e2d9b24265b5c2c59f7e260efc8284db49418eb17041dec933,,true,,2,10.17632/cchsk79jkt.1,LeFood-Set v1,CC BY 4.0
1.0,lefood-0464,451,Tempe bumbu bacem,029,leftover dataset/data_before/029/029_407_DSC_0371_bef.JPG,leftover dataset/data_after/029/029_407_DSC_0422_aft.JPG,30,9,0.29999999999999999,5,562,422,567,420,11ae343c38ea5017cf5290787382fe09a75cfdf8f2e89c6641487ef726ddb18b,632982dd94f6876c03f3fd3eb319c20f73d52d0c804324ce694d0a3a25a5fe55,,true,,2,10.17632/cchsk79jkt.1,LeFood-Set v1,CC BY 4.0
1.0,lefood-0465,452,Tempe bumbu bacem,029,leftover dataset/data_before/029/029_408_DSC_0374_bef.JPG,leftover dataset/data_after/029/029_408_DSC_0415_aft.JPG,28,0,0,7,563,421,568,423,94cd9b520e45b0b165d1cac94f0effcd8349bfdc0462346c59b50269ed89c95e,a5baa25b509786684ff772351e4fa4cd81d62200d0d86502c4689549c17d77a9,,true,,2,10.17632/cchsk79jkt.1,LeFood-Set v1,CC BY 4.0
1.0,lefood-0466,453,Tempe bumbu bacem,029,leftover dataset/data_before/029/029_409_DSC_0354_bef.JPG,leftover dataset/data_after/029/029_409_DSC_0389_aft.JPG,34,32,0.94117647058823528,1,559,420,570,427,3e4370a3bd31f0123e161e01b0c41a6ccf6da522aa7f5f7d12d4c4144790c109,25a22aa10a8941fbf323761fcb388a86e89a2f8d2b4b8a6220d0a073bd33d440,,true,,2,10.17632/cchsk79jkt.1,LeFood-Set v1,CC BY 4.0
1.0,lefood-0467,454,Tempe bumbu bacem,029,leftover dataset/data_before/029/029_410_DSC_0352_bef.JPG,leftover dataset/data_after/029/029_410_DSC_0418_aft.JPG,32,0,0,7,554,412,563,415,6f572eb57a2e3da81dc1a20b5553445bd9b5022fe2f7e3e01dbc580c1c14f52f,30669ceaa611c636f52099b6c25f97bb978b9264afc20dbd9c7c26e0bde88319,,true,,2,10.17632/cchsk79jkt.1,LeFood-Set v1,CC BY 4.0
1.0,lefood-0468,455,Tempe bumbu bacem,029,leftover dataset/data_before/029/029_411_DSC_0356_bef.JPG,leftover dataset/data_after/029/029_411_DSC_0395_aft.JPG,31,32,1.032258064516129,1,559,418,567,429,5db8a66eb4f5ddcd8e7c77e0d101ba80c1be3296ddbd11264848ca15914f0867,071f2e7a809111aa6c655f5101b4c3cfd4cc5b7f5976fb74972575e246876a25,,false,after_mass_exceeds_before_mass,2,10.17632/cchsk79jkt.1,LeFood-Set v1,CC BY 4.0
1.0,lefood-0469,456,Tempe bumbu bacem,029,leftover dataset/data_before/029/029_412_DSC_0366_bef.JPG,leftover dataset/data_after/029/029_412_DSC_0407_aft.JPG,30,32,1.0666666666666667,1,558,417,564,423,609ab30941b69be09f403b7758437dd734bed93d2a6abb50675de7665b67d887,e9aa544c7e066708b2b87036379424aad280a5a28d405d3589a1b7a07cac6f54,,false,after_mass_exceeds_before_mass,2,10.17632/cchsk79jkt.1,LeFood-Set v1,CC BY 4.0
1.0,lefood-0470,457,Tempe bumbu bacem,029,leftover dataset/data_before/029/029_413_DSC_0364_bef.JPG,leftover dataset/data_after/029/029_413_DSC_0403_aft.JPG,38,0,0,7,547,403,563,420,58bda132fcd0a41e57b88f838e74a297866bc80e59bf758de8cfff9a356076a4,4dca11f4ae7414b9df4d557be48c96f81bbd3a03773554093b50a3b87d19653a,,true,,2,10.17632/cchsk79jkt.1,LeFood-Set v1,CC BY 4.0
1.0,lefood-0471,458,Tempe bumbu bacem,029,leftover dataset/data_before/029/029_414_DSC_0358_bef.JPG,leftover dataset/data_after/029/029_414_DSC_0398_aft.JPG,36,0,0,7,555,412,572,437,99a4aeed8179d9d67b954ae493467efaa49e17c5ed0fe1f6a4a16519e12113b8,c0e8504a8f688e0f15b4a465a4ea1f4971c989c3afcf896a8b67647b0f19bac2,,true,,2,10.17632/cchsk79jkt.1,LeFood-Set v1,CC BY 4.0
1.0,lefood-0472,459,Tempe bumbu bacem,029,leftover dataset/data_before/029/029_415_DSC_0362_bef.JPG,leftover dataset/data_after/029/029_415_DSC_0386_aft.JPG,36,16,0.44444444444444442,1,561,419,573,432,13a7be14b9e09e3233937ef24b9e98e8492247904b676f05a8c1cc31998c41d5,c57b39121294eb9f123032c11e062d78c2dc47a52be268d3babf4429453ecd61,,true,,2,10.17632/cchsk79jkt.1,LeFood-Set v1,CC BY 4.0
1.0,lefood-0474,460,Tempe bumbu bacem,029,leftover dataset/data_before/029/029_445_DSC_0720_bef.JPG,leftover dataset/data_after/029/029_445_DSC_0808_aft.JPG,37,0,0,7,561,423,568,428,af8df3e49015883dd47267553e050b3c0bc5ec139425dfc6e40b44ed9c5329f2,da73dc32eec26c844777a27bf2def30cf6a5f00299926d98610863e1ed052a22,,true,,2,10.17632/cchsk79jkt.1,LeFood-Set v1,CC BY 4.0
1.0,lefood-0475,461,Tempe bumbu bacem,029,leftover dataset/data_before/029/029_446_DSC_0734_bef.JPG,leftover dataset/data_after/029/029_446_DSC_0789_aft.JPG,44,0,0,7,569,432,570,430,73d9566028995b0f50d467890e35803e090cdeea51beab08764c31240d861683,c8bbf8d0462f3d27e524d6e466a95a0363324e9872bea0c6b8d69fe8dc63653a,,true,,2,10.17632/cchsk79jkt.1,LeFood-Set v1,CC BY 4.0
1.0,lefood-0476,462,Tempe bumbu bacem,029,leftover dataset/data_before/029/029_447_DSC_0340_bef.JPG,leftover dataset/data_after/029/029_447_DSC_0784_aft.JPG,32,0,0,7,501,360,564,424,394caced3cc3f7a9abdd6ab50b72bf2ba3eb1d0336fc27ad3a1786f2d9e7f39d,89a49e52c2f5ba32727181f674f4d478a6ab46990fbcb80c5c572c10a78c15a5,dup-84e0fa596bc4,true,,2,10.17632/cchsk79jkt.1,LeFood-Set v1,CC BY 4.0
1.0,lefood-0477,463,Tempe bumbu bacem,029,leftover dataset/data_before/029/029_448_DSC_0703_bef.JPG,leftover dataset/data_after/029/029_448_DSC_0759_aft.JPG,43,0,0,7,568,430,560,421,3366433a1f7946b7fc3b34eeb749267308e362efaadec061f4b485596c1f69f5,f418dcffd8a22e4baf025d6653a7c10f8afa76a637d5e672287b194951d91400,,true,,2,10.17632/cchsk79jkt.1,LeFood-Set v1,CC BY 4.0
1.0,lefood-0478,464,Tempe bumbu bacem,029,leftover dataset/data_before/029/029_449_DSC_0714_bef.JPG,leftover dataset/data_after/029/029_449_DSC_0776_aft.JPG,48,0,0,7,570,434,561,421,ce0f2a56032679f2a562df5ff34f02e4f0ea41f844266e6f3ba1b2e9f6f89e99,6536952315c68b97009e556bb27de8c588aa7d37a5730ba63f9d20bfdd165e45,dup-197ebd289b8e,true,,2,10.17632/cchsk79jkt.1,LeFood-Set v1,CC BY 4.0
1.0,lefood-0479,465,Tempe bumbu bacem,029,leftover dataset/data_before/029/029_450_DSC_0723_bef.JPG,leftover dataset/data_after/029/029_450_DSC_0793_aft.JPG,33,29,0.87878787878787878,2,579,446,575,441,b6e0a6df8e1f581179496c92104f20557ee627f498e6d44479a6e347747a9ba3,0ba8deb5aeba8a4b6563d81542a0a170f06f463e700de74b37f7543ef8e47e0b,,true,,2,10.17632/cchsk79jkt.1,LeFood-Set v1,CC BY 4.0
1.0,lefood-0480,466,Tempe bumbu bacem,029,leftover dataset/data_before/029/029_451_DSC_0726_bef.JPG,leftover dataset/data_after/029/029_451_DSC_0801_aft.JPG,42,0,0,7,562,429,568,432,cdff827c1e58543806c14162c2bd66284d844758e3e2bd25bc2a44d6e7ae2a60,9ec513e44f464daaf1cd82fd9308a7a26efc6b819555dc26130588f9930fd2cf,,true,,2,10.17632/cchsk79jkt.1,LeFood-Set v1,CC BY 4.0
1.0,lefood-0481,467,Tempe bumbu bacem,029,leftover dataset/data_before/029/029_452_DSC_0709_bef.JPG,leftover dataset/data_after/029/029_452_DSC_0766_aft.JPG,41,41,1,1,565,425,573,437,696c8168bbb1b0774ea4f3247985b0ecbe9c33e9a13d86b8db381b53d707a9a9,effa6487fbfedcbe0bae64c234ce3b9c46a9a4736c4f9f68cd4bbb6844b471ac,,true,,2,10.17632/cchsk79jkt.1,LeFood-Set v1,CC BY 4.0
1.0,lefood-0482,468,Tempe bumbu bacem,029,leftover dataset/data_before/029/029_453_DSC_0736_bef.JPG,leftover dataset/data_after/029/029_453_DSC_0779_aft.JPG,43,0,0,7,563,424,565,424,5faf4972922eb350af36d16299d9d734658528a3e24af23b3e81af9013545c41,e869171c6bd234c2a655087dabbe8e14d94e57a165f61249a0ae63dc4a8b04a1,,true,,2,10.17632/cchsk79jkt.1,LeFood-Set v1,CC BY 4.0
1.0,lefood-0483,469,Tempe bumbu bacem,029,leftover dataset/data_before/029/029_454_DSC_0704_bef.JPG,leftover dataset/data_after/029/029_454_DSC_0772_aft.JPG,51,22,0.43137254901960786,3,564,425,574,439,de3c98091983e874fcddec8c37e8a5b9079ceb6974f391878b358879404083f7,026c9475c7040dc8178efac2240b9d97bc3dd7b767a5aa0d06768464310e3344,,true,,2,10.17632/cchsk79jkt.1,LeFood-Set v1,CC BY 4.0
1.0,lefood-0484,470,Tempe bumbu bacem,029,leftover dataset/data_before/029/029_455_DSC_0707_bef.JPG,leftover dataset/data_after/029/029_455_DSC_0776_aft.JPG,34,2,0.058823529411764705,6,568,430,561,422,624713ed91e528c8f56780739b0d94a207e58a0ef4b4ce8e75957138a98a9429,f8ba77f15ec5be5b8ecb8cba17aeec6d9ce7b4bce40ba739efefe799d3563dfb,dup-197ebd289b8e,true,,2,10.17632/cchsk79jkt.1,LeFood-Set v1,CC BY 4.0
1.0,lefood-0485,471,Tempe bumbu bacem,029,leftover dataset/data_before/029/029_502_DSC_0227_bef.JPG,leftover dataset/data_after/029/029_502_DSC_0280_aft.JPG,37,0,0,7,524,387,530,393,c48316e38c54529216b40425d3f52ec0bae3f088a3e7326a848508a0b86393d9,869ec2d3990f21b096a8f66caafde821d7614514dc0935d11ab839f1fe015425,dup-faf29cbb02fd,true,,2,10.17632/cchsk79jkt.1,LeFood-Set v1,CC BY 4.0
1.0,lefood-0486,472,Tempe bumbu bacem,029,leftover dataset/data_before/029/029_503_DSC_0237_bef.JPG,leftover dataset/data_after/029/029_503_DSC_0289_aft.JPG,37,0,0,7,527,396,488,361,d069da523d4a46970388e32cbb8383d4f3eabc7b95f2e6d5a4a4a196f3440d1a,55e244cae92dbb11924d4fcb2ec6787500d8aafcb9b919fbda3b69229e67f89f,,true,,2,10.17632/cchsk79jkt.1,LeFood-Set v1,CC BY 4.0
1.0,lefood-0487,473,Tempe bumbu bacem,029,leftover dataset/data_before/029/029_504_DSC_0232_bef.JPG,leftover dataset/data_after/029/029_504_DSC_0299_aft.JPG,36,0,0,7,526,392,537,403,be75282b2546805bff2cb2dcac50d76aecb6e014ebc8709e9961a4cfaf929c38,abf62cbf63272ade23596377046f64c9aa42736e220bdad7a26ab0755bb644cf,,true,,2,10.17632/cchsk79jkt.1,LeFood-Set v1,CC BY 4.0
1.0,lefood-0488,474,Tempe bumbu bacem,029,leftover dataset/data_before/029/029_505_DSC_0241_bef.JPG,leftover dataset/data_after/029/029_505_DSC_0286_aft.JPG,40,0,0,7,526,393,530,398,1490b4a096349682d33c37c02ff9848121ec8ac97f090ea5bd3c0cf41a131251,23536ece6054719c1c5b73a5185f65cb9e5ab683308c31bd9b0736bec81b5164,,true,,2,10.17632/cchsk79jkt.1,LeFood-Set v1,CC BY 4.0
1.0,lefood-0489,475,Tempe bumbu bacem,029,leftover dataset/data_before/029/029_506_DSC_0259_bef.JPG,leftover dataset/data_after/029/029_506_DSC_0266_aft.JPG,36,36,1,1,529,399,521,389,209222d9f5dfc4fb3a718fecf329c611ca452361a59dbecf4eaca4d41bee1b13,a8e52b372bc217629ede58f1f5dbf596c2938df945ecf22d3613176c0f6e1e51,,true,,2,10.17632/cchsk79jkt.1,LeFood-Set v1,CC BY 4.0
1.0,lefood-0490,476,Tempe bumbu bacem,029,leftover dataset/data_before/029/029_537_DSC_0620_bef.JPG,leftover dataset/data_after/029/029_537_DSC_0637_aft.JPG,32,20,0.625,4,538,397,544,399,d13e0409b7c2551a81b89f466de3960afa65fcb02342cb4ef20a2b72ecb24d6c,96713f2d18f35bb774e0124cb5c902fe09176358274debb3bad727c40aec7c36,,true,,2,10.17632/cchsk79jkt.1,LeFood-Set v1,CC BY 4.0
1.0,lefood-0491,477,Tempe bumbu bacem,029,leftover dataset/data_before/029/029_538_DSC_0622_bef.JPG,leftover dataset/data_after/029/029_538_DSC_0642_aft.JPG,42,0,0,7,536,391,553,412,4cfd49b84f939c98bd0d327fda86305e58e467c3ffbe3f63d264ab94a8ada4be,f468f973ceb3ea532765e463aadac154440018e720cb21810a5adf70d44d7566,,true,,2,10.17632/cchsk79jkt.1,LeFood-Set v1,CC BY 4.0
1.0,lefood-0492,478,Tempe bumbu bacem,029,leftover dataset/data_before/029/029_539_DSC_0612_bef.JPG,leftover dataset/data_after/029/029_539_DSC_0633_aft.JPG,36,9,0.25,6,544,405,555,409,7f5a7b8412c443862adbd9ceaab78f6d3c0bc20180f99002c23540fcc8cbc261,51c1e52d84492aff857f180da3d8ee7c8798680a9c946233a246e8fff03b5900,,true,,2,10.17632/cchsk79jkt.1,LeFood-Set v1,CC BY 4.0
1.0,lefood-0493,479,Tahu bulat,030,leftover dataset/data_before/030/030_426_DSC_0555_bef.JPG,leftover dataset/data_after/030/030_426_DSC_0583_aft.JPG,19,0,0,7,516,392,536,403,64ba195ec22a8bfe4cb05e1387b3142ebb6f837332953fed530bafdce08280d9,e9160e2ea097cd7e0850f67efc8e966446c242f04e2915df018d216fb987f01c,,true,,4,10.17632/cchsk79jkt.1,LeFood-Set v1,CC BY 4.0
1.0,lefood-0494,480,Tahu bulat,030,leftover dataset/data_before/030/030_427_DSC_0559_bef.JPG,leftover dataset/data_after/030/030_427_DSC_0577_aft.JPG,20,0,0,7,517,387,542,410,5cfffcf9d3f63f91f04388268db192477b1ed7a824549cb123d6e4d7edd661a4,21106d51a6569a3c5c4ef3d4e05c0300e9f50ea92b6096fbd86d9bd417bbdc7d,,true,,4,10.17632/cchsk79jkt.1,LeFood-Set v1,CC BY 4.0
1.0,lefood-0495,481,Tahu bulat,030,leftover dataset/data_before/030/030_428_DSC_0524_bef.JPG,leftover dataset/data_after/030/030_428_DSC_0572_aft.JPG,15,2,0.13333333333333333,6,517,386,538,407,9ae0673fc720778e38f7ac8e516a2e867e42f5885e2d3a5c1d6b77b6938bde8f,cde83a87ec58460e6497a384fb2c69dc40fd740d1dc208e932e68f820dc58c39,,true,,4,10.17632/cchsk79jkt.1,LeFood-Set v1,CC BY 4.0
1.0,lefood-0496,482,Tahu bulat,030,leftover dataset/data_before/030/030_431_DSC_0527_bef.JPG,leftover dataset/data_after/030/030_431_DSC_0529_aft.JPG,18,18,1,1,516,389,519,388,fc8b62ddb3bdc0208ff536768390b64d099a0ad9550d4acefbb6e68a75cf66b2,0b71f65b34d6b931185e2f541ee0c759875c3cf13c24a629d8dc598dbbe644a9,,true,,4,10.17632/cchsk79jkt.1,LeFood-Set v1,CC BY 4.0
1.0,lefood-0497,483,Tahu bulat,030,leftover dataset/data_before/030/030_516_DSC_0407_bef.JPG,leftover dataset/data_after/030/030_516_DSC_0486_aft.JPG,18,2,0.1111111111111111,7,531,398,531,396,ab9a038936a0831c9c0c65393da4d722596a119c48f4df747c079380fe436888,7c582bb93e1091455577068fe606808784ac9849b10b441ba9729993e338f4dd,,true,,4,10.17632/cchsk79jkt.1,LeFood-Set v1,CC BY 4.0
1.0,lefood-0498,484,Tahu bulat,030,leftover dataset/data_before/030/030_517_DSC_0405_bef.JPG,leftover dataset/data_after/030/030_517_DSC_0482_aft.JPG,16,16,1,1,531,397,529,396,14fffdd27ae1d241bbebe5f794d2dd61d2747adb61de3c5a38b9034d1c5e71b4,13f2e29204018768bd1bcf4d312ced1fbf211c860e3342d21fd99dc5c36af4fe,,true,,4,10.17632/cchsk79jkt.1,LeFood-Set v1,CC BY 4.0
1.0,lefood-0499,485,Tahu bulat,030,leftover dataset/data_before/030/030_518_DSC_0403_bef.JPG,leftover dataset/data_after/030/030_518_DSC_0481_aft.JPG,16,0,0,7,530,396,530,399,b21eadd5bf712d0b40c5c5919a962b901d19894e18cd54bbc1b6890bb1bdb65a,e9a78356a72a538f6a80fef80570b1ca1b7ca90cd0248b00f1f5d144de59665b,,true,,4,10.17632/cchsk79jkt.1,LeFood-Set v1,CC BY 4.0
1.0,lefood-0500,486,Tahu bulat,030,leftover dataset/data_before/030/030_519_DSC_0409_bef.JPG,leftover dataset/data_after/030/030_519_DSC_0454_aft.JPG,17,17,1,1,531,398,528,392,0812ebb7115e74dc8f43885c8de46e0777cca34d1e7243e253e07f6198b224e8,acc3bb6671b4d51c54ffc9ef16861d32cb46d27a5a22be68f0e4e9239c69536c,,true,,4,10.17632/cchsk79jkt.1,LeFood-Set v1,CC BY 4.0
1.0,lefood-0501,487,Tahu bulat,030,leftover dataset/data_before/030/030_520_DSC_0427_bef.JPG,leftover dataset/data_after/030/030_520_DSC_0493_aft.JPG,19,19,1,1,508,381,533,401,8b6d2d3ce416fa2fe0de253f6227adf7e35e9f85f34b5a87746cafbbb38c5217,3b10cdc9342f315e9457fc284fd46afa45888129f47fb2f93c64c4258ae35547,,true,,4,10.17632/cchsk79jkt.1,LeFood-Set v1,CC BY 4.0
1.0,lefood-0502,488,Tahu bulat,030,leftover dataset/data_before/030/030_521_DSC_0431_bef.JPG,leftover dataset/data_after/030/030_521_DSC_0496_aft.JPG,19,9,0.47368421052631576,5,495,361,532,400,18564e0524c0f2f2a6f448515d51a9cfb35ab8b29474e1a36135b30a5a46894b,13eb576146812f507f8e0e46c6517d8642753ceffac9adc8f3535beef72bff14,,true,,4,10.17632/cchsk79jkt.1,LeFood-Set v1,CC BY 4.0
1.0,lefood-0503,489,Tahu bulat,030,leftover dataset/data_before/030/030_525_DSC_0418_bef.JPG,leftover dataset/data_after/030/030_525_DSC_0462_aft.JPG,19,19,1,1,501,369,531,399,9fc1340371eb8c9285ca2f14cd3d75debb66940549c87afb3e1cf7160d5e3830,859df490388ed4e0f13946fca37b829b6ebd90a97a400a955791fd8027436f10,,true,,4,10.17632/cchsk79jkt.1,LeFood-Set v1,CC BY 4.0
1.0,lefood-0504,490,Orek tempe,031,leftover dataset/data_before/031/031_433_DSC_0633_bef.JPG,leftover dataset/data_after/031/031_433_DSC_0689_aft.JPG,27,27,1,1,530,391,533,396,a5cf35e563e43ea4cee95c5e67e38e79e4b09b3edb18ef54e14dd201ae92acd7,c29ec3295700e205b9fcd979b5c79e66daa18cb5a7b3717aed4f2bb4bceac1ec,,true,,3,10.17632/cchsk79jkt.1,LeFood-Set v1,CC BY 4.0
1.0,lefood-0505,491,Orek tempe,031,leftover dataset/data_before/031/031_434_DSC_0616_bef.JPG,leftover dataset/data_after/031/031_434_DSC_0656_aft.JPG,29,28,0.96551724137931039,1,529,391,541,405,35183a77c50b0c652a5f8fda3dc0f996c1e2a3d09b13326aac77df7de081d2a1,d42ce37aaf76e70f0b4447b1fc77663e47327fd8f02bab3f278e42478cd15c6a,,true,,3,10.17632/cchsk79jkt.1,LeFood-Set v1,CC BY 4.0
1.0,lefood-0506,492,Orek tempe,031,leftover dataset/data_before/031/031_435_DSC_0621_bef.JPG,leftover dataset/data_after/031/031_435_DSC_0659_aft.JPG,28,0,0,7,535,398,530,390,6d9903f16e65020224601007e6d4bcb3a68eeffc0efdc34c81c077fc07de5226,61943d77f312f8ea8876145c72b56ff08bfa93b329a8cf2750264c6eb2ee103c,,true,,3,10.17632/cchsk79jkt.1,LeFood-Set v1,CC BY 4.0
1.0,lefood-0507,493,Orek tempe,031,leftover dataset/data_before/031/031_436_DSC_0618_bef.JPG,leftover dataset/data_after/031/031_436_DSC_0662_aft.JPG,27,20,0.7407407407407407,7,533,396,537,400,7309f6fbd6b926cd9f8ca4025475af5bce1c2d6769c39f4c43eb851755a99072,961f06ee3e4b78a594b0bb8589c56830f3a9a5708d97fcb2d4ddec6ef2f759f9,,true,,3,10.17632/cchsk79jkt.1,LeFood-Set v1,CC BY 4.0
1.0,lefood-0508,494,Orek tempe,031,leftover dataset/data_before/031/031_437_DSC_0626_bef.JPG,leftover dataset/data_after/031/031_437_DSC_0671_aft.JPG,30,16,0.53333333333333333,5,491,361,492,362,a9621e23da3cb2604db2bbca10a777a30f4f196846ff9d2c780e43f051dda81f,0fd57751413ee30e382d49488830f6675938bcb782a46a7fb30938d76bddc9df,,true,,3,10.17632/cchsk79jkt.1,LeFood-Set v1,CC BY 4.0
1.0,lefood-0509,495,Orek tempe,031,leftover dataset/data_before/031/031_438_DSC_0609_bef.JPG,leftover dataset/data_after/031/031_438_DSC_0693_aft.JPG,30,10,0.33333333333333331,4,508,382,502,375,f707c11c93782aeaa4440c9e34b8de5a4ec598d2929246237f13972d94a65e0e,5f0f977cecefc64584405e5d705f926f683be4153fa5279cbff6f934297b7633,,true,,3,10.17632/cchsk79jkt.1,LeFood-Set v1,CC BY 4.0
1.0,lefood-0510,496,Orek tempe,031,leftover dataset/data_before/031/031_439_DSC_0614_bef.JPG,leftover dataset/data_after/031/031_439_DSC_0690_aft.JPG,26,0,0,7,493,362,490,363,df3cf5f166aa304ecc31feafa0bd08e6d2ef5b6a36a0ae4331231363bb499966,2d9a563f4bc9762b1d689e5383b66c6bcc1735ea724f2eb9255b11fe8b425f3a,,true,,3,10.17632/cchsk79jkt.1,LeFood-Set v1,CC BY 4.0
1.0,lefood-0511,497,Orek tempe,031,leftover dataset/data_before/031/031_440_DSC_0602_bef.JPG,leftover dataset/data_after/031/031_440_DSC_0665_aft.JPG,35,0,0,7,500,377,495,371,049644f578f23db64597eeee1be0a9b995d1ef5ca025724a5f9fad3dc09ddd61,cb9dea87f400e1ae3029dd3b2e01e1abebc662a8c41e80ea8397096e4bd7c9b8,,true,,3,10.17632/cchsk79jkt.1,LeFood-Set v1,CC BY 4.0
1.0,lefood-0512,498,Orek tempe,031,leftover dataset/data_before/031/031_441_DSC_0623_bef.JPG,leftover dataset/data_after/031/031_441_DSC_0683_aft.JPG,35,28,0.80000000000000004,4,497,371,489,358,35fae2d74d489496ef13347b8da99d18d16c22e88a4da317aa91f3fb294c0a1b,5b1d1624fa808bf86f875491f16c81f3eb38b9a477cd116b09ea3965a9a26154,,true,,3,10.17632/cchsk79jkt.1,LeFood-Set v1,CC BY 4.0
1.0,lefood-0513,499,Orek tempe,031,leftover dataset/data_before/031/031_442_DSC_0628_bef.JPG,leftover dataset/data_after/031/031_442_DSC_0675_aft.JPG,31,0,0,7,488,363,483,353,8c97540462a43c017e02428be40e7b81dffcad7a54261f9a0ef909fdb6ba9dc8,63b265d66cdc6bb49f190e25c91fbd8a49fec73da2e0c39845369263f599482b,,true,,3,10.17632/cchsk79jkt.1,LeFood-Set v1,CC BY 4.0
1.0,lefood-0514,500,Orek tempe,031,leftover dataset/data_before/031/031_443_DSC_0630_bef.JPG,leftover dataset/data_after/031/031_443_DSC_0680_aft.JPG,27,21,0.77777777777777779,4,488,361,480,353,3fc3f7ca3fbd058a9bda86380466c4bb4ff8df813e1fe436b688557cf9ee27c2,514adbc4a10bc73b8e083534d500f4387f7e1c9997e41c95b4406feb2ce09e0b,,true,,3,10.17632/cchsk79jkt.1,LeFood-Set v1,CC BY 4.0
1.0,lefood-0515,501,Orek tempe,031,leftover dataset/data_before/031/031_526_DSC_0541_bef.JPG,leftover dataset/data_after/031/031_526_DSC_0590_aft.JPG,32,32,1,1,513,379,528,404,02a6e07f8cd1deb09aa1656db0ae6b36033a024e66a78773471e0fd20cc1ecec,b50f472a007563babb9e03f295c69171d0cfb0901fe94a56b1ac55865c277815,,true,,3,10.17632/cchsk79jkt.1,LeFood-Set v1,CC BY 4.0
1.0,lefood-0516,502,Orek tempe,031,leftover dataset/data_before/031/031_527_DSC_0538_bef.JPG,leftover dataset/data_after/031/031_527_DSC_0593_aft.JPG,20,19,0.94999999999999996,4,552,407,566,426,3e00121a3c28cad80f762453f9c073281b54444e3405f5f0d33fbedc67757e5c,14a9fb1cbeb56e5c874f4ba0a305208cc365ca231eedceb61458e0c685b9b3ff,,true,,3,10.17632/cchsk79jkt.1,LeFood-Set v1,CC BY 4.0
1.0,lefood-0517,503,Orek tempe,031,leftover dataset/data_before/031/031_528_DSC_0536_bef.JPG,leftover dataset/data_after/031/031_528_DSC_0596_aft.JPG,26,0,0,7,552,409,567,431,b1458f453666fd42b4309271d5c23b33ab83e9f95fa4eb43f1ea2fcffbe719f6,eba8e1f85289462f0cf7871ac3933380a028f8bc49f2417c348183fcacd1ca89,,true,,3,10.17632/cchsk79jkt.1,LeFood-Set v1,CC BY 4.0
1.0,lefood-0518,504,Orek tempe,031,leftover dataset/data_before/031/031_529_DSC_0524_bef.JPG,leftover dataset/data_after/031/031_529_DSC_0579_aft.JPG,22,0,0,7,554,410,573,439,2f26d8e5d9973ac890cabd9514eb58498799bb012fc9439cc3701620eaca8f31,7962230b517ec3174c17b275727e084c063b0d9f72baee9cb4948df42b837abb,,true,,3,10.17632/cchsk79jkt.1,LeFood-Set v1,CC BY 4.0
1.0,lefood-0519,505,Orek tempe,031,leftover dataset/data_before/031/031_530_DSC_0522_bef.JPG,leftover dataset/data_after/031/031_530_DSC_0583_aft.JPG,26,0,0,7,556,417,560,420,dc8029d343572360d5a5c6fd94a976baa6b5aa2b0b012d2006c69cab7271a7bd,1d54ad8fab8f4a56f799ec60bcdc52d4968abb04194dfffd61662f397b0a7e36,,true,,3,10.17632/cchsk79jkt.1,LeFood-Set v1,CC BY 4.0
1.0,lefood-0520,506,Orek tempe,031,leftover dataset/data_before/031/031_531_DSC_0502_bef.JPG,leftover dataset/data_after/031/031_531_DSC_0565_aft.JPG,32,0,0,7,506,377,509,380,4351cf7cdec837741ecde8e2e8db54bbce4741e37611d37236e6f0b12270a471,d8f2a69717960c8efd61f9d1c43ece53b0cc908bd2380eaf7a1b1f88efca4332,,true,,3,10.17632/cchsk79jkt.1,LeFood-Set v1,CC BY 4.0
1.0,lefood-0521,507,Orek tempe,031,leftover dataset/data_before/031/031_532_DSC_0508_bef.JPG,leftover dataset/data_after/031/031_532_DSC_0558_aft.JPG,39,29,0.74358974358974361,4,559,419,554,410,b5c6f982ca990ed57f18e850210b6b119693b2c4a445f24122a07f671c834f9f,b84a4142f4ee16a3560c5e393ab0153cac77b370a40254f09558c9834ae0508a,,true,,3,10.17632/cchsk79jkt.1,LeFood-Set v1,CC BY 4.0
1.0,lefood-0522,508,Orek tempe,031,leftover dataset/data_before/031/031_533_DSC_0505_bef.JPG,leftover dataset/data_after/031/031_533_DSC_0555_aft.JPG,41,0,0,7,514,380,523,390,def8164d0aaf17925e71e15cf1fd48b9913abc639cac83a5775bc433f7a59461,c043afc51ff3f8a3944130e53fefb456ace47948627ad3317234f47375db3254,,true,,3,10.17632/cchsk79jkt.1,LeFood-Set v1,CC BY 4.0
1.0,lefood-0523,509,Orek tempe,031,leftover dataset/data_before/031/031_534_DSC_0511_bef.JPG,leftover dataset/data_after/031/031_534_DSC_0577_aft.JPG,30,13,0.43333333333333335,5,511,379,518,387,e45c3c8b3376d63b1e91a0f993290c009dd0829782c7ed0746a1809ccd5cc50b,9091bc7ce4e9956bbed451ec42c2fd0fbf0aaac7e9f2625372a72e251ddb4d43,,true,,3,10.17632/cchsk79jkt.1,LeFood-Set v1,CC BY 4.0
1.0,lefood-0524,510,Orek tempe,031,leftover dataset/data_before/031/031_535_DSC_0513_bef.JPG,leftover dataset/data_after/031/031_535_DSC_0568_aft.JPG,30,1,0.033333333333333333,6,512,381,518,387,41502537b3fc1e0184b860bcc233cdb35e90c6f632955f03730a40827e773acf,cd45487ea142a135bb8d05223dd1a6cf28bba390e8935505ec3a4fd48afb5464,,true,,3,10.17632/cchsk79jkt.1,LeFood-Set v1,CC BY 4.0
1.0,lefood-0525,511,Orek tempe,031,leftover dataset/data_before/031/031_536_DSC_0520_bef.JPG,leftover dataset/data_after/031/031_536_DSC_0599_aft.JPG,28,8,0.2857142857142857,6,514,384,522,395,4eb5e79f098c27886f91490c69846664ef69fbba2c2e3b67135b7b84f18d1e48,82d018497a25d9a640c7bcef3833395b019b64a535e318ea20a9d2e71605b4a0,,true,,3,10.17632/cchsk79jkt.1,LeFood-Set v1,CC BY 4.0
1.0,lefood-0526,512,dadar jagung kukus,032,leftover dataset/data_before/032/032_462_DSC_0830_bef.JPG,leftover dataset/data_after/032/032_462_DSC_0906_aft.JPG,30,30,1,1,516,385,499,364,aa0ee509d1f3ac57fa1a0e265e104932d4d9b3e2f49206fa0a35328df93fd76f,1298caa39b78866e820e7a0eab8748173c54e9c69c1e14ff2220a14c014260e4,,true,,0,10.17632/cchsk79jkt.1,LeFood-Set v1,CC BY 4.0
1.0,lefood-0527,513,dadar jagung kukus,032,leftover dataset/data_before/032/032_463_DSC_0844_bef.JPG,leftover dataset/data_after/032/032_463_DSC_0888_aft.JPG,35,0,0,1,524,398,506,375,5dfa26cdcc6a9c4ce61c200fdc49814e81d6c9ab3f1071f5192338789bcd149b,f151a83dc357562e19e7b36b62ac82ec5c10048c5dc963e30e484ab2a923fa67,dup-c67b65330d5d,true,,0,10.17632/cchsk79jkt.1,LeFood-Set v1,CC BY 4.0
1.0,lefood-0529,514,dadar jagung kukus,032,leftover dataset/data_before/032/032_465_DSC_0853_bef.JPG,leftover dataset/data_after/032/032_465_DSC_0896_aft.JPG,34,11,0.3235294117647059,5,507,374,504,373,f0ea8a19a07d654f986644dacddd8f83cb80df01a48a4586f71b4189fc59df3e,45e261ac1040ecb0bdf4fb6d18026abf3fe17323d5b16e283d0c0a2467ecc224,,true,,0,10.17632/cchsk79jkt.1,LeFood-Set v1,CC BY 4.0
1.0,lefood-0530,515,Oseng Tahu,033,leftover dataset/data_before/033/033_466_DSC_0936_bef.JPG,leftover dataset/data_after/033/033_466_DSC_0975_aft.JPG,37,0,0,2,521,396,536,422,ab17bb449bfadf076ee0b06de57d9a826136a67ae2260451b7070a478e2bbc26,4f22baeaaf0614f0fe9e98552e26b6c49ad147dcc039c69ef17e77acee1b5136,,true,,2,10.17632/cchsk79jkt.1,LeFood-Set v1,CC BY 4.0
1.0,lefood-0531,516,Oseng Tahu,033,leftover dataset/data_before/033/033_467_DSC_0950_bef.JPG,leftover dataset/data_after/033/033_467_DSC_0979_aft.JPG,35,2,0.057142857142857141,6,526,406,521,400,1a2a5bbb0f9f6c317b8aa82b57496d79a6c35faa1837c4b5a06073d201652f9c,c2456b5dc2ebc56edfad27ce62b991033871a9ff2242ae58c49bc8f70c63cc7a,,true,,2,10.17632/cchsk79jkt.1,LeFood-Set v1,CC BY 4.0
1.0,lefood-0532,517,Oseng Tahu,033,leftover dataset/data_before/033/033_468_DSC_0959_bef.JPG,leftover dataset/data_after/033/033_468_DSC_0983_aft.JPG,37,27,0.72972972972972971,4,525,408,504,376,6b33e6f617f9fdb4931001063dae0b2d26e59be99d6170d17bdd5132ac8a06c3,22fcf36daddbb8016a7ed172982dc2588fef3fb85a9d8720beb41e39845d1378,,true,,2,10.17632/cchsk79jkt.1,LeFood-Set v1,CC BY 4.0
1.0,lefood-0533,518,Oseng Tahu,033,leftover dataset/data_before/033/033_469_DSC_0957_bef.JPG,leftover dataset/data_after/033/033_469_DSC_0986_aft.JPG,44,27,0.61363636363636365,3,521,401,518,394,7e79ae19051d27f78bbdc374e10eb93211641b611fcf7c3759dffd8fafad103c,e07b70ce76e703d19153fb2be6ff512850f6878806efa18c06c89af3fbd133e9,,true,,2,10.17632/cchsk79jkt.1,LeFood-Set v1,CC BY 4.0
1.0,lefood-0534,519,Oseng Tahu,033,leftover dataset/data_before/033/033_470_DSC_0919_bef.JPG,leftover dataset/data_after/033/033_470_DSC_0992_aft.JPG,42,19,0.45238095238095238,5,482,367,463,340,963d9610f15070a3b3c85a88a44b65d19cfa4a166b012201aeda7c3f49013369,7687e92e83229c9b0d639648cad52ba667d736f3ea9997a3b6b563d77de64ad8,,true,,2,10.17632/cchsk79jkt.1,LeFood-Set v1,CC BY 4.0
1.0,lefood-0535,520,Oseng Tahu,033,leftover dataset/data_before/033/033_471_DSC_0969_bef.JPG,leftover dataset/data_after/033/033_471_DSC_1002_aft.JPG,63,34,0.53968253968253965,4,507,385,497,371,a622d5179cb532cf5c3873eecb74806f5d67006d8d255065893f44c7b509289c,a5c8c10893594d87afa8a6c882dd2e34bc1aa112a7d53da640411ecae761a915,,true,,2,10.17632/cchsk79jkt.1,LeFood-Set v1,CC BY 4.0
1.0,lefood-0536,521,Oseng Tahu,033,leftover dataset/data_before/033/033_472_DSC_0967_bef.JPG,leftover dataset/data_after/033/033_472_DSC_0011_aft.JPG,32,23,0.71875,2,524,404,496,372,eb755606834f01cf09f235f74706a755bed93f29e4c529dbbc60ddf2d2c08f29,4a11be63b43ff7c13d14783a1fb157d9bad5f5b099599782139d231ee7ce6c32,,true,,2,10.17632/cchsk79jkt.1,LeFood-Set v1,CC BY 4.0
1.0,lefood-0537,522,Oseng Tahu,033,leftover dataset/data_before/033/033_473_DSC_0929_bef.JPG,leftover dataset/data_after/033/033_473_DSC_0007_aft.JPG,34,0,0,7,478,364,453,328,d416381fca7c85c45b50006e7ce17fa67dc9a1761b72d18f74914d63b3c2ec77,c7d7fa7a1f143619486b14765e8b3a3faae80cadb88ecb26f89c3891e5eebaae,,true,,2,10.17632/cchsk79jkt.1,LeFood-Set v1,CC BY 4.0
1.0,lefood-0538,523,Oseng Tahu,033,leftover dataset/data_before/033/033_474_DSC_0933_bef.JPG,leftover dataset/data_after/033/033_474_DSC_0998_aft.JPG,44,42,0.95454545454545459,1,484,377,459,340,5995649538637bf01a0af55c8d271dd20882f5070461726bba8d4f710db1cc94,83f1b340db16f772e3b835e7a810c7ce5fac0d85116017c61c2b219edb6f543a,,true,,2,10.17632/cchsk79jkt.1,LeFood-Set v1,CC BY 4.0
1.0,lefood-0539,524,Oseng Tahu,033,leftover dataset/data_before/033/033_475_DSC_0941_bef.JPG,leftover dataset/data_after/033/033_475_DSC_1007_aft.JPG,43,23,0.53488372093023251,4,438,332,429,321,e7f3c6f7eecf2559c74589064bc14d6ab193a23e12e8bae23be76a3b6eaaef64,f9280176ebdb22dd85fe4a36e82ede474b2d3aa60eac4c15c96a46b65576234b,,true,,2,10.17632/cchsk79jkt.1,LeFood-Set v1,CC BY 4.0
1.0,lefood-0540,525,Oseng Tahu,033,leftover dataset/data_before/033/033_476_DSC_0947_bef.JPG,leftover dataset/data_after/033/033_476_DSC_1012_aft.JPG,57,41,0.7192982456140351,3,447,348,418,310,f4e2f33a146330c226f1a8d288bbca36866e8762354644d8a8fa401d475a420f,93fcd4f897dc48065b6664258e358cecc9c9e1f672def96fba7467674acb3aff,,true,,2,10.17632/cchsk79jkt.1,LeFood-Set v1,CC BY 4.0
